panel,x,eq6b,eq12a,eq12b,eq16A,eq16B
10a,0.4,1.4166666666666665,1.15768,1.265272501291985,1.2129774775852975,1.364050194652336
10a,0.40218750000000003,1.4173143443159233,1.1585423125,1.26570688353713,1.2134426036910888,1.3624652744118988
10a,0.40437500000000004,1.4179661516377873,1.159404625,1.2661396150904487,1.213906214367189,1.360895795308448
10a,0.40656250000000005,1.4186220992126317,1.1602669375,1.266570711103625,1.2143683227090105,1.3593415245904303
10a,0.40875,1.4192821977023902,1.1611292500000001,1.2670001865086418,1.214828941629063,1.3578022342421654
10a,0.4109375,1.419946457851011,1.1619915625,1.267428056022122,1.215288083860473,1.3562777008627709
10a,0.413125,1.4206148904849178,1.162853875,1.2678543341495634,1.2157457619604153,1.3547677055488128
10a,0.41531250000000003,1.4212875065134731,1.1637161875,1.2682790351894666,1.2162019883134623,1.3532720337805382
10a,0.41750000000000004,1.4219643169294456,1.1645785,1.268702173237362,1.216656775134851,1.35179047531157
10a,0.4196875,1.4226453328094846,1.1654408125,1.2691237621897375,1.2171101344736728,1.350322824061936
10a,0.421875,1.4233305653145958,1.166303125,1.2695438157478707,1.2175620782159855,1.3488688780143188
10a,0.4240625,1.4240200256906244,1.1671654375,1.269962347421566,1.2180126180878528,1.3474284391134084
10a,0.42625,1.4247137252687399,1.16802775,1.2703793705328035,1.2184617656583097,1.3460013131682564
10a,0.4284375,1.425411675465929,1.1688900625,1.270794898219299,1.2189095323422607,1.344587309757519
10a,0.43062500000000004,1.4261138877854895,1.169752375,1.2712089434379783,1.2193559294033074,1.343186242137496
10a,0.43281250000000004,1.4268203738175327,1.1706146875,1.2716215189683704,1.2198009679565112,1.3417979271528657
10a,0.435,1.4275311452394852,1.1714769999999999,1.2720326374159179,1.220244658971093,1.3404221851500258
10a,0.4371875,1.4282462138166032,1.1723393125000001,1.2724423112152108,1.220687013273068,1.3390588398929486
10a,0.439375,1.4289655914024832,1.173201625,1.2728505526331444,1.2211280415478232,1.3377077184814699
10a,0.4415625,1.4296892899395846,1.1740639375,1.2732573737720025,1.2215677543426327,1.3363686512719237
10a,0.44375000000000003,1.430417321459752,1.17492625,1.2736627865724701,1.2220061620691172,1.3350414718000496
10a,0.4459375,1.4311496980847462,1.1757885625,1.2740668028165756,1.2224432750056493,1.333726016706095
10a,0.448125,1.4318864320267786,1.176650875,1.274469434130565,1.2228791032997017,1.332422125662035
10a,0.4503125,1.4326275355890499,1.1775131875,1.2748706919877115,1.223313656970145,1.33112964130085
10a,0.4525,1.4333730211662952,1.1783755,1.2752705877110604,1.223746945909493,1.3298484091477811
10a,0.4546875,1.4341229012453345,1.1792378125,1.2756691324761111,1.2241789798860985,1.3285782775535095
10a,0.45687500000000003,1.4348771884056268,1.180100125,1.276066337313439,1.2246097685463015,1.327319097629189
10a,0.45906250000000004,1.435635895319831,1.1809624375,1.2764622131112597,1.225039321416528,1.326070723183277
10a,0.46125,1.436399034754371,1.18182475,1.2768567706179337,1.2254676479053455,1.3248330106601025
10a,0.4634375,1.4371666195700072,1.1826870624999999,1.277250020444417,1.2258947573054713,1.323605819080119
10a,0.465625,1.4379386627224127,1.183549375,1.277641973066657,1.2263206587957387,1.3223890099817823
10a,0.4678125,1.4387151772627544,1.1844116875,1.278032638827935,1.2267453614430206,1.3211824473650096
10a,0.47000000000000003,1.4394961763382814,1.185274,1.2784220279411578,1.2271688742041118,1.3199859976361628
10a,0.4721875,1.4402816731929171,1.1861363125,1.2788101504910998,1.2275912059275698,1.3187995295545114
10a,0.474375,1.4410716811678574,1.186998625,1.2791970164365953,1.2280123653555186,1.3176229141801294
10a,0.4765625,1.4418662137021758,1.1878609375,1.2795826356126838,1.2284323611254127,1.3164560248231771
10a,0.47875,1.4426652843334322,1.18872325,1.2799670177327096,1.228851201771764,1.3152987369945306
10a,0.4809375,1.4434689066982895,1.1895855625,1.2803501723903754,1.2292688957278342,1.3141509283577126
10a,0.483125,1.4442770945331336,1.190447875,1.2807321090617525,1.2296854513272881,1.3130124786820865
10a,0.48531250000000004,1.445089861674702,1.1913101875,1.281112837107249,1.230100876805817,1.3118832697972747
10a,0.48750000000000004,1.4459072220607168,1.1921725,1.2814923657735358,1.2305151803027254,1.3107631855487636
10a,0.4896875,1.4467291897305226,1.1930348124999999,1.2818707041954305,1.2309283698624862,1.3096521117546602
10a,0.491875,1.4475557788257338,1.193897125,1.282247861397745,1.2313404534362635,1.3085499361635637
10a,0.4940625,1.4483870035908846,1.1947594375,1.2826238462970927,1.2317514388834048,1.3074565484135194
10a,0.49625,1.4492228783740864,1.19562175,1.2829986677036567,1.232161333972902,1.306371839992023
10a,0.4984375,1.4500634176276925,1.1964840625,1.283372334322925,1.2325701463848242,1.305295704197043
10a,0.500625,1.4509086359089678,1.197346375,1.2837448547573869,1.2329778837117202,1.304228036099032
10a,0.5028125,1.4517585478807642,1.1982086875,1.2841162375081954,1.2333845534599939,1.303168732503896
10a,0.505,1.4526131683122048,1.199071,1.2844864909767968,1.2337901630512507,1.3021176919168964
10a,0.5071875,1.4534725120793732,1.1999333125,1.2848556234665258,1.2341947198236198,1.3010748145074515
10a,0.509375,1.4543365941660074,1.200795625,1.2852236431841688,1.2345982310330474,1.30004000207482
10a,0.5115625,1.4552054296642043,1.2016579375,1.2855905582414966,1.2350007038545658,1.299013158014632
10a,0.51375,1.4560790337751282,1.20252025,1.2859563766567634,1.235402145383538,1.2979941872862502
10a,0.5159375,1.4569574218097259,1.2033825625,1.2863211063561804,1.2358025626368765,1.2969829963809298
10a,0.5181250000000001,1.4578406091894498,1.204244875,1.2866847551753562,1.23620196255424,1.2959794932907636
10a,0.5203125,1.4587286114469877,1.2051071875,1.2870473308607098,1.236600351999206,1.2949835874783802
10a,0.5225,1.4596214442269992,1.2059695,1.2874088410708566,1.23699773776042,1.2939951898473812
10a,0.5246875,1.460519123286858,1.2068318125,1.2877692933779674,1.2373941265527248,1.2930142127134918
10a,0.526875,1.4614216644974036,1.207694125,1.2881286952690973,1.2377895250182656,1.2920405697764077
10a,0.5290625,1.462329083843699,1.2085564375,1.2884870541474944,1.2381839397275765,1.291074176092316
10a,0.53125,1.4632413974257945,1.20941875,1.2888443773338776,1.2385773771806432,1.2901149480470742
10a,0.5334375,1.4641586214595004,1.2102810625,1.2892006720676936,1.2389698438079502,1.2891628033300269
10a,0.535625,1.465080772277167,1.211143375,1.2895559455083485,1.2393613459715025,1.2882176609084415
10a,0.5378125,1.4660078663284712,1.2120056875,1.2899102047364137,1.2397518899658337,1.2872794410025494
10a,0.54,1.46693992018121,1.212868,1.290263456754813,1.240141482018992,1.2863480650611732
10a,0.5421875,1.4678769505221043,1.2137303125,1.2906157084899832,1.2405301282935075,1.2854234557379227
10a,0.544375,1.4688189741576074,1.214592625,1.2909669667930146,1.2409178348873446,1.2845055368679488
10a,0.5465625000000001,1.4697660080147226,1.2154549375,1.29131723844077,1.241304607834833,1.2835942334452355
10a,0.5487500000000001,1.470718069141829,1.21631725,1.2916665301369823,1.2416904531075852,1.2826894716004171
10a,0.5509375,1.4716751747095138,1.2171795625,1.2920148485133316,1.242075376615394,1.281791178579107
10a,0.553125,1.472637342011415,1.218041875,1.2923622001305015,1.2424593842071159,1.2808992827207233
10a,0.5553125,1.4736045884650686,1.2189041875,1.2927085914792185,1.242842481671538,1.2800137134377991
10a,0.5575,1.4745769316127677,1.2197665,1.2930540289812678,1.2432246747382276,1.2791344011957637
10a,0.5596875,1.4755543891224272,1.2206288125,1.2933985189904944,1.2436059690783687,1.2782612774931805
10a,0.561875,1.476536978788458,1.221491125,1.293742067793784,1.2439863703055827,1.2773942748424352
10a,0.5640625,1.4775247185326497,1.2223534375,1.2940846816120264,1.2443658839767335,1.2765333267508538
10a,0.56625,1.478517626405061,1.22321575,1.29442636660106,1.2447445155927195,1.2756783677022476
10a,0.5684375,1.4795157205849188,1.2240780625,1.294767128852602,1.2451222705992504,1.274829333138869
10a,0.5706249999999999,1.4805190193815272,1.2249403749999999,1.295106974395159,1.245499154387612,1.2739861594437674
10a,0.5728125,1.4815275412351838,1.2258026874999999,1.2954459091949233,1.2458751722954153,1.2731487839235385
10a,0.575,1.4825413047181057,1.226665,1.2957839391566515,1.2462503296073344,1.2723171447914523
10a,0.5771875,1.4835603285353636,1.2275273125,1.2961210701245283,1.2466246315558303,1.2714911811509535
10a,0.579375,1.4845846315258258,1.228389625,1.2964573078830148,1.2469980833218621,1.270670832979522
10a,0.5815625,1.4856142326631112,1.2292519375,1.2967926581576819,1.2473706900355874,1.2698560411128872
10a,0.58375,1.4866491510565516,1.23011425,1.297127126616029,1.247742456777048,1.2690467472295839
10a,0.5859375,1.4876894059521621,1.2309765625,1.2974607188682872,1.2481133885768467,1.2682428938358443
10a,0.588125,1.4887350167336235,1.231838875,1.2977934404682103,1.2484834904168094,1.2674444242508154
10a,0.5903125,1.4897860029232706,1.2327011875,1.2981252969138508,1.2488527672306389,1.2666512825920933
10a,0.5925,1.490842384183094,1.2335635,1.2984562936483222,1.2492212239045555,1.2658634137615685
10a,0.5946875,1.4919041803157487,1.2344258125,1.298786436060549,1.2495888652779275,1.2650807634315737
10a,0.596875,1.4929714112655745,1.235288125,1.2991157294860032,1.2499556961438911,1.264303278031325
10a,0.5990625,1.494044097119625,1.2361504375,1.299444179207428,1.2503217212499593,1.263530904733651
10a,0.6012500000000001,1.4951222581087062,1.23701275,1.2997717904555497,1.250686945298622,1.2627635914420012
10a,0.6034375,1.4962059146084286,1.2378750625,1.3000985684097761,1.2510513729479331,1.2620012867777293
10a,0.605625,1.4972950871402644,1.238737375,1.3004245181988854,1.2514150088120921,1.2612439400676414
10a,0.6078125,1.4983897963726203,1.2395996875,1.3007496449017004,1.2517778574620122,1.2604915013318057
10a,0.61,1.4994900631219161,1.240462,1.3010739535477545,1.2521399234258812,1.2597439212716135
10a,0.6121875,1.500595908353678,1.2413243125,1.3013974491179434,1.252501211189712,1.2590011512580912
10a,0.614375,1.5017073531836391,1.242186625,1.3017201365451685,1.2528617251978846,1.2582631433204499
10a,0.6165625,1.502824418878854,1.2430489375,1.3020420207149672,1.25322146985368,1.2575298501348735
10a,0.61875,1.5039471268588211,1.24391125,1.3023631064661356,1.2535804495198037,1.2568012250135365
10a,0.6209375,1.5050754986966193,1.2447735625,1.3026833985913369,1.2539386685189018,1.256077221893844
10a,0.623125,1.5062095561200524,1.245635875,1.3030029018377045,1.2542961311340681,1.255357795327894
10a,0.6253124999999999,1.5073493210128075,1.2464981874999999,1.3033216209074303,1.254652841609345,1.2546429004721515
10a,0.6275,1.5084948154156246,1.2473604999999999,1.3036395604583475,1.2550088041502125,1.2539324930773317
10a,0.6296875,1.5096460615274754,1.2482228125,1.3039567251045012,1.2553640229240737,1.2532265294784883
10a,0.631875,1.5108030817067568,1.249085125,1.3042731194167105,1.2557185020607293,1.2525249665852995
10a,0.6340625,1.511965898472495,1.2499474375,1.304588747923122,1.2560722456528457,1.2518277618725488
10a,0.63625,1.5131345345055605,1.25080975,1.3049036151097528,1.256425257756417,1.2511348733707968
10a,0.6384375,1.5143090126498964,1.2516720625,1.3052177254210282,1.2567775423912166,1.2504462596572359
10a,0.640625,1.515489355913759,1.252534375,1.305531083260305,1.2571291035412453,1.2497618798467296
10a,0.6428125,1.5166755874709703,1.2533966875,1.3058436929903927,1.2574799451551693,1.2490816935830258
10a,0.645,1.5178677306621835,1.254259,1.3061555589340612,1.2578300711467532,1.2484056610301446
10a,0.6471875,1.5190658089961595,1.2551213125,1.3064666853745446,1.2581794853952855,1.2477337428639341
10a,0.649375,1.520269846151058,1.255983625,1.3067770765560334,1.2585281917459978,1.2470659002637925
10a,0.6515625,1.5214798659757418,1.2568459375,1.3070867366841616,1.2588761940104778,1.246402094904549
10a,0.65375,1.522695892491092,1.25770825,1.3073956699264846,1.2592234959670745,1.2457422889485057
10a,0.6559375000000001,1.523917949891338,1.2585705625,1.3077038804129506,1.2595701013612994,1.2450864450376309
10a,0.6581250000000001,1.5251460625454005,1.259432875,1.308011372236363,1.259916013906219,1.2444345262859036
10a,0.6603125,1.5263802549982488,1.2602951875,1.3083181494528384,1.2602612372828441,1.2437864962718055
10a,0.6625,1.5276205519722696,1.2611575,1.308624216082254,1.2606057751405106,1.2431423190309565
10a,0.6646875,1.528866978368652,1.2620198125,1.308929576108691,1.2609496310972563,1.2425019590488915
10a,0.666875,1.5301195592687848,1.262882125,1.3092342334808698,1.2612928087401907,1.2418653812539733
10a,0.6690625,1.5313783199356699,1.2637444375,1.3095381921125775,1.2616353116258607,1.241232551010441
10a,0.67125,1.5326432858153458,1.26460675,1.3098414558830924,1.2619771432806095,1.2406034341115901
10a,0.6734374999999999,1.5339144825383317,1.2654690624999998,1.3101440286375974,1.2623183072009305,1.2399779967730804
10a,0.6756249999999999,1.5351919359210813,1.266331375,1.3104459141875902,1.2626588068538163,1.2393562056263692
10a,0.6778124999999999,1.5364756719674528,1.2671936874999998,1.3107471163112863,1.2629986456771016,1.2387380277122688
10a,0.6799999999999999,1.5377657168701941,1.268056,1.3110476387540164,1.2633378270798028,1.2381234304746234
10a,0.6821875,1.5390620970124445,1.2689183124999999,1.3113474852286164,1.2636763544424505,1.2375123817541038
10a,0.684375,1.5403648389692484,1.269780625,1.3116466594158136,1.2640142311174185,1.2369048497821167
10a,0.6865625,1.5416739695090864,1.2706429375,1.3119451649646052,1.2643514604292465,1.2363008031748275
10a,0.68875,1.542989515595424,1.27150525,1.3122430054926322,1.2646880456749607,1.235700210927293
10a,0.6909375,1.544311504388273,1.2723675625,1.3125401845865474,1.2650239901243865,1.2351030424077007
10a,0.693125,1.5456399632457685,1.273229875,1.3128367058023787,1.2653592970204597,1.234509267351716
10a,0.6953125,1.5469749197257656,1.2740921875,1.313132572665885,1.2656939695795304,1.2339188558569292
10a,0.6975,1.548316401587451,1.2749545,1.313427788672909,1.2660280109916644,1.2333317783774076
10a,0.6996875,1.5496644367929688,1.2758168125,1.3137223572897248,1.2663614244209396,1.2327480057183424
10a,0.701875,1.5510190535090658,1.276679125,1.314016281953377,1.2666942130057388,1.2321675090307953
10a,0.7040625,1.5523802801087536,1.2775414375,1.31430956607202,1.2670263798590367,1.2315902598065391
10a,0.70625,1.5537481451729869,1.2784037499999998,1.3146022130252493,1.2673579280686842,1.231016229872989
10a,0.7084375,1.555122677492359,1.2792660625,1.3148942261644263,1.2676888606976893,1.2304453913882287
10a,0.7106250000000001,1.5565039060688162,1.2801283749999999,1.3151856088130036,1.2680191807844912,1.229877716836121
10a,0.7128125000000001,1.5578918601173881,1.2809906875000001,1.3154763642668406,1.2683488913432333,1.2293131790215088
10a,0.715,1.5592865690679392,1.281853,1.3157664957945163,1.268677995364032,1.228751751065499
10a,0.7171875,1.5606880625669335,1.2827153125,1.3160560066376397,1.2690064958132399,1.228193406400832
10a,0.719375,1.562096370479223,1.283577625,1.3163449000111513,1.2693343956337069,1.2276381187673302
10a,0.7215625,1.563511522889851,1.2844399375,1.3166331791036248,1.269661697745038,1.2270858622074292
10a,0.72375,1.5649335501058765,1.28530225,1.3169208470775615,1.2699884050438448,1.2265366110617864
10a,0.7259375,1.5663624826582159,1.2861645625,1.3172079070696823,1.270314520403998,1.2259903399649643
10a,0.7281249999999999,1.5677983513035056,1.287026875,1.3174943621912143,1.2706400466768728,1.2254470238411939
10a,0.7303124999999999,1.5692411870259841,1.2878891874999998,1.3177802155281735,1.2709649866915904,1.2249066379002063
10a,0.7324999999999999,1.5706910210393916,1.2887515,1.3180654701416452,1.2712893432552606,1.2243691576331397
10a,0.7346874999999999,1.5721478847888928,1.2896138124999998,1.3183501290680582,1.271613119153216,1.223834558808517
10a,0.736875,1.5736118099530176,1.2904761249999999,1.3186341953194556,1.2719363171492466,1.2233028174682916
10a,0.7390625,1.5750828284456242,1.2913384374999999,1.3189176718837647,1.2722589399858284,1.2227739099239614
10a,0.74125,1.5765609724178808,1.29220075,1.3192005617250577,1.2725809903843524,1.2222478127527496
10a,0.7434375,1.57804627426027,1.2930630625,1.3194828677838144,1.2729024710453456,1.221724502793851
10a,0.745625,1.5795387666046141,1.293925375,1.3197645929771777,1.273223384648695,1.221203957144741
10a,0.7478125,1.5810384823261214,1.2947876875,1.320045740199207,1.2735437338538627,1.220686153157549
10a,0.75,1.5825454545454545,1.29565,1.3203263123211266,1.2738635213001022,1.2201710684354916
10b,0.4,2.0833333333333335,1.438,1.7368680591444026,1.7257226507834382,2.240504279028791
10b,0.40218750000000003,2.084285800464593,1.4403953125,1.7380746764920278,1.7273075721294442,2.235103649200645
10b,0.40437500000000004,2.085244340643805,1.442790625,1.7392767085845797,1.728887329635288,2.2297556351842367
10b,0.40656250000000005,2.086208969430341,1.4451859375,1.74047419751007,1.7304619679237025,2.224459443876576
10b,0.40875,2.0871797025035153,1.44758125,1.7416671847462275,1.732031530994181,2.2192142983122007
10b,0.4109375,2.0881565556632515,1.4499765625,1.7428557111725613,1.7335960622349642,2.214019437250618
10b,0.413125,2.0891395448307617,1.452371875,1.7440398170821205,1.7351556044347383,2.2088741147764264
10b,0.41531250000000003,2.0901286860492254,1.4547671875,1.7452195421929626,1.7367101997940426,2.2037775999116587
10b,0.41750000000000004,2.091123995484479,1.4571625,1.7463949256593385,1.7382598899364075,2.1987291762399135
10b,0.4196875,2.0921254894257126,1.4595578125,1.7475660060826046,1.7398047159192174,2.193728141541851
10b,0.421875,2.0931331842861707,1.461953125,1.7487328215218634,1.7413447182443216,2.1887738074416623
10b,0.4240625,2.0941470966038596,1.4643484375,1.74989540950435,1.7428799368683856,2.183865499064118
10b,0.42625,2.0951672430422645,1.46674375,1.7510538070355652,1.7444104112130003,2.179002554701831
10b,0.4284375,2.096193640391072,1.4691390625,1.7522080506091635,1.745936180174553,2.1741843254923774
10b,0.43062500000000004,2.0972263055668967,1.471534375,1.7533581762166062,1.7474572821338665,2.169410175104937
10b,0.43281250000000004,2.098265255614019,1.4739296875,1.7545042193565843,1.7489737549656126,2.16467947943612
10b,0.435,2.0993105077051255,1.476325,1.7556462150442163,1.7504856360475078,2.159991626314678
10b,0.4371875,2.1003620791420636,1.4787203125000001,1.7567841978200303,1.7519929622692973,2.1553460152147776
10b,0.439375,2.1014199873565933,1.481115625,1.7579182017587347,1.7534957700415306,2.1507420569775695
10b,0.4415625,2.102484249911154,1.4835109375,1.759048260477785,1.7549940953041379,2.1461791735407525
10b,0.44375000000000003,2.1035548844996352,1.48590625,1.7601744071457506,1.756487973534811,2.1416567976758776
10b,0.4459375,2.1046319089481567,1.4883015625,1.7612966744904879,1.7579774397571948,2.1371743727331314
10b,0.448125,2.105715341215851,1.490696875,1.762415094807125,1.7594625285488936,2.132731352393345
10b,0.4503125,2.106805199395662,1.4930921875,1.7635296999658656,1.7609432740492972,2.1283272004269955
10b,0.4525,2.10790150171514,1.4954875,1.7646405214196124,1.762419709967235,2.123961390459969
10b,0.4546875,2.109004266537257,1.4978828124999999,1.7657475902114195,1.7638918695884567,2.1196334057458603
10b,0.45687500000000003,2.110113512361216,1.500278125,1.766850936981775,1.7653597857829506,2.115342738944601
10b,0.45906250000000004,2.1112292578232807,1.5026734375,1.7679505919757212,1.7668234910120995,2.111088891907208
10b,0.46125,2.1123515216976045,1.50506875,1.769046585049816,1.7682830173356792,2.106871375466456
10b,0.4634375,2.1134803228970696,1.5074640625,1.7701389456789365,1.7697383964187072,2.1026897092332826
10b,0.465625,2.1146156804741367,1.509859375,1.7712277029629364,1.7711896595381407,2.0985434213987455
10b,0.4678125,2.115757613621698,1.5122546875,1.772312885633153,1.7726368375894292,2.0944320485413517
10b,0.47000000000000003,2.1169061416739434,1.51465,1.773394522058772,1.7740799610929299,2.0903551354395886
10b,0.4721875,2.118061284107231,1.5170453125,1.7744726402530553,1.7755190602001822,2.086312234889501
10b,0.474375,2.1192230605409668,1.519440625,1.7755472678794315,1.7769541647000513,2.082302907527141
10b,0.4765625,2.120391490738494,1.5218359375000001,1.7766184322574554,1.7783853040247402,2.0783267216557535
10b,0.47875,2.1215665946079887,1.5242312500000001,1.777686160368638,1.779812507255675,2.074383253077541
10b,0.4809375,2.122748392203367,1.5266265625000002,1.778750478862154,1.7812358031292677,2.0704720849298663
10b,0.483125,2.1239369037251965,1.529021875,1.7798114140604238,1.7826552200425576,2.066592807525766
10b,0.48531250000000004,2.1251321495216207,1.5314171875,1.780868991964581,1.7840707860587353,2.0627450181986253
10b,0.48750000000000004,2.1263341500892894,1.5338125,1.7819232382598216,1.7854825289125533,2.0589283211509075
10b,0.4896875,2.127542926074298,1.5362078124999998,1.78297417832064,1.7868904760156248,2.055142327306795
10b,0.491875,2.1287584982731382,1.5386031249999998,1.7840218372159584,1.7882946544616118,2.0513866541686387
10b,0.4940625,2.129980887633654,1.5409984374999999,1.7850662397141464,1.789695091031311,2.047660925677097
10b,0.49625,2.1312101152560095,1.54339375,1.7861074102879355,1.791091812197632,2.043964772074844
10b,0.4984375,2.1324462023936657,1.5457890625,1.7871453731192366,1.7924848441304781,2.0402978297737593
10b,0.500625,2.1336891704543643,1.548184375,1.7881801521038527,1.7938742127015272,2.0366597412254754
10b,0.5028125,2.134939041001124,1.5505796875,1.7892117708560984,1.795259943488917,2.033050154795199
10b,0.505,2.1361958357532425,1.552975,1.7902402527133243,1.796642061781835,2.0294687246387033
10b,0.5071875,2.1374595765873137,1.5553703125,1.7912656207403495,1.7980205925850208,2.0259151105823934
10b,0.509375,2.138730285538246,1.557765625,1.7922878977338024,1.7993955606231755,2.0223889780063686
10b,0.5115625,2.1400079848003006,1.5601609375,1.7933071062263792,1.800766990345286,2.0188899977303807
10b,0.51375,2.14129269672813,1.56255625,1.7943232684910093,1.8021349059288647,2.0154178459026078
10b,0.5159375,2.142584443837832,1.5649515625000001,1.7953364065449455,1.8034993312841037,2.0119722038911743
10b,0.5181250000000001,2.1438832488080144,1.5673468750000001,1.796346542153767,1.804860290057952,2.008552758178314
10b,0.5203125,2.1451891344808645,1.5697421875,1.7973536968353048,1.8062178056381097,2.0051592002571295
10b,0.5225,2.1465021238632342,1.5721375,1.798357891863491,1.8075719011569487,2.0017912265308495
10b,0.5246875,2.1478222401277325,1.5745328125,1.7993591482721318,1.8089225994953544,1.9984485382145274
10b,0.526875,2.149149506613829,1.576928125,1.800357486858604,1.8102699232864963,1.9951308412391073
10b,0.5290625,2.1504839468289694,1.5793234374999998,1.8013529281874843,1.8116138949195264,1.9918378461577917
10b,0.53125,2.151825584449698,1.5817187499999998,1.802345492594104,1.8129545365432063,1.9885692680546456
10b,0.5334375,2.153174443322795,1.5841140624999999,1.803335200188038,1.8142918700694664,1.985324826455377
10b,0.535625,2.1545305474664223,1.5865093749999999,1.8043220708565233,1.8156259171768976,1.9821042452402287
10b,0.5378125,2.1558939210712813,1.5889046875,1.805306124267816,1.8169566993141788,1.9789072525589297
10b,0.54,2.15726458850178,1.5913,1.8062873798744807,1.818284237703438,1.9757335807476424
10b,0.5421875,2.1586425742972124,1.5936953125,1.80726585691662,1.8196085533435538,1.9725829662478545
10b,0.544375,2.1600279031729523,1.596090625,1.8082415744250404,1.820929667013392,1.9694551495271653
10b,0.5465625000000001,2.161420600021651,1.5984859375,1.8092145512243611,1.8222475992749865,1.9663498750019066
10b,0.5487500000000001,2.1628206899144544,1.60088125,1.8101848059360621,1.8235623704766586,1.9632668909615572
10b,0.5509375,2.164228198102226,1.6032765625,1.8111523569814763,1.8248740007560809,1.9602059494948971
10b,0.553125,2.1656431500167868,1.605671875,1.8121172225847266,1.8261825100432838,1.957166806417856
10b,0.5553125,2.16706557127216,1.6080671875,1.813079420775607,1.8274879180636103,1.9541492212030125
10b,0.5575,2.168495487665835,1.6104625000000001,1.8140389693924104,1.8287902443406125,1.9511529569106965
10b,0.5596875,2.16993292518004,1.6128578125000002,1.8149958860847066,1.830089508198901,1.948177780121655
10b,0.561875,2.171377909983027,1.615253125,1.8159501883160671,1.8313857287669397,1.9452234608712393
10b,0.5640625,2.172830468430367,1.6176484375,1.81690189336674,1.832678924979792,1.942289772585072
10b,0.56625,2.174290627066266,1.62004375,1.8178510183362777,1.8339691155818176,1.9393764920161574
10b,0.5684375,2.1757584126248806,1.6224390625,1.8187975801461165,1.835256319129322,1.9364833991833943
10b,0.5706249999999999,2.177233852031658,1.6248343749999998,1.8197415955421086,1.8365405539931587,1.933610277311459
10b,0.5728125,2.1787169724046827,1.6272296874999999,1.8206830810970094,1.8378218383612854,1.930756912772017
10b,0.575,2.180207801056038,1.6296249999999999,1.8216220532129208,1.8391001902412756,1.9279230950262365
10b,0.5771875,2.1817063654931816,1.6320203125,1.8225585281236896,1.8403756274627865,1.9251086165685627
10b,0.579375,2.183212693420332,1.634415625,1.823492521897263,1.8416481676799834,1.9223132728717243
10b,0.5815625,2.1847268127398696,1.6368109375,1.8244240504380054,1.8429178283739227,1.919536862332942
10b,0.58375,2.1862487515537525,1.63920625,1.8253531294889693,1.8441846268548934,1.916779186221305
10b,0.5859375,2.187778538164945,1.6416015625,1.826279774634131,1.8454485802647174,1.9140400486262876
10b,0.588125,2.1893162010788583,1.643996875,1.8272040013005841,1.8467097055790127,1.9113192564073775
10b,0.5903125,2.19086176900481,1.6463921875,1.8281258247606966,1.8479680196094146,1.9086166191447864
10b,0.5925,2.1924152708574915,1.6487875,1.8290452601342282,1.8492235390057625,1.9059319490912165
10b,0.5946875,2.1939767357584543,1.6511828125,1.829962322390414,1.850476280258247,1.903265061124658
10b,0.596875,2.19554619303761,1.6535781250000001,1.8308770263500092,1.8517262596995223,1.9006157727021868
10b,0.5990625,2.197123672234743,1.6559734375000001,1.8317893866873005,1.8529734935067816,1.8979839038147457
10b,0.6012500000000001,2.1987092031010387,1.6583687500000002,1.8326994179320826,1.8542179977037996,1.8953692769428763
10b,0.6034375,2.2003028156006303,1.6607640625,1.8336071344716003,1.8554597881629384,1.8927717170133835
10b,0.605625,2.201904539912154,1.663159375,1.8345125505524593,1.856698880607123,1.8901910513569087
10b,0.6078125,2.203514406430324,1.6655546874999998,1.8354156802825012,1.857935290611781,1.8876271096663877
10b,0.61,2.205132445767524,1.6679499999999998,1.8363165376326513,1.8591690336067517,1.8850797239563746
10b,0.6121875,2.206758688755409,1.6703453124999998,1.837215136438732,1.8604001248781648,1.8825487285232072
10b,0.614375,2.208393166446528,1.6727406249999999,1.8381114904032456,1.8616285795702854,1.880033959905996
10b,0.6165625,2.2100359101159617,1.6751359375,1.8390056130971315,1.8628544126873317,1.8775352568484172
10b,0.61875,2.2116869512629727,1.67753125,1.8398975179614876,1.8640776390952616,1.875052460261288
10b,0.6209375,2.2133463216126756,1.6799265625,1.8407872183092695,1.8652982735235297,1.8725854131859077
10b,0.623125,2.215014053117724,1.682321875,1.8416747273269571,1.8665163305668184,1.870133960758145
10b,0.6253124999999999,2.216690177960011,1.6847171875,1.8425600580761956,1.8677318246867372,1.867697950173255
10b,0.6275,2.2183747285523894,1.6871125,1.84344322349541,1.8689447702134987,1.8652772306514067
10b,0.6296875,2.220067737540405,1.6895078125,1.8443242364013923,1.870155181347565,1.8628716534039063
10b,0.631875,2.2217692378040543,1.691903125,1.8452031094908625,1.8713630721612686,1.8604810716000986
10b,0.6340625,2.2234792624595516,1.6942984375,1.8460798553420052,1.872568456600408,1.8581053403349301
10b,0.63625,2.2251978448611185,1.6966937500000001,1.8469544864159804,1.8737713484858176,1.8557443165971614
10b,0.6384375,2.2269250186027887,1.6990890625000001,1.8478270150584117,1.8749717615149124,1.8533978592382088
10b,0.640625,2.228660817520234,1.701484375,1.8486974535008476,1.8761697092632095,1.8510658289416044
10b,0.6428125,2.2304052756926036,1.7038796875,1.8495658138622018,1.8773652051858243,1.8487480881930605
10b,0.645,2.232158427444388,1.706275,1.8504321081501702,1.8785582626189448,1.8464445012511201
10b,0.6471875,2.2339203073472937,1.7086703125,1.851296348262624,1.8797488947812813,1.8441549341183867
10b,0.649375,2.2356909502221445,1.711065625,1.8521585459889818,1.8809371147754947,1.8418792545133127
10b,0.6515625,2.237470391140797,1.7134609375,1.85301871301156,1.8821229355896036,1.8396173318425386
10b,0.65375,2.2392586654280766,1.71585625,1.8538768609069018,1.8833063700983663,1.8373690371737723
10b,0.6559375000000001,2.2410558086637327,1.7182515624999999,1.854733001147085,1.8844874310646458,1.835134243209187
10b,0.6581250000000001,2.2428618566844127,1.720646875,1.8555871451010089,1.8856661311407503,1.832912824259338
10b,0.6603125,2.2446768455856603,1.7230421875,1.8564393040356624,1.886842482869756,1.8307046562175782
10b,0.6625,2.246500811723926,1.7254375,1.8572894891173726,1.8880164986868082,1.828509616534962
10b,0.6646875,2.248333791718606,1.7278328125,1.8581377114130309,1.889188190920402,1.8263275841956326
10b,0.666875,2.2501758224540955,1.730228125,1.8589839818913045,1.890357571793646,1.8241584396926744
10b,0.6690625,2.2520269410818674,1.7326234375,1.8598283114238265,1.8915246534255052,1.822002065004425
10b,0.67125,2.2538871850225677,1.73501875,1.8606707107863678,1.8926894478320246,1.8198583435712337
10b,0.6734374999999999,2.255756591968135,1.7374140624999999,1.8615111906599928,1.893851966927537,1.8177271602726595
10b,0.6756249999999999,2.2576351998839432,1.7398093749999999,1.8623497616321947,1.8950122225258506,1.8156084014050968
10b,0.6778124999999999,2.25952304701096,1.7422046875,1.8631864341980175,1.8961702263414182,1.8135019546598206
10b,0.6799999999999999,2.261420171867933,1.7446,1.8640212187611567,1.8973259899904935,1.8114077091014398
10b,0.6821875,2.263326613253595,1.7469953125,1.8648541256350457,1.898479524992264,1.8093255551467533
10b,0.684375,2.2652424102488946,1.749390625,1.8656851650439266,1.8996308427699728,1.8072553845439976
10b,0.6865625,2.267167602219245,1.7517859374999998,1.8665143471239032,1.90077995465202,1.8051970903524768
10b,0.68875,2.2691022288168003,1.7541812499999998,1.867341681923978,1.901926871873051,1.8031505669225698
10b,0.6909375,2.2710463299827546,1.7565765624999998,1.8681671794070764,1.9030716055750254,1.8011157098761044
10b,0.693125,2.2729999459496595,1.7589718749999999,1.8689908494510519,1.9042141668082748,1.7990924160870896
10b,0.6953125,2.2749631172437734,1.7613671874999999,1.8698127018496804,1.9053545665325409,1.7970805836627994
10b,0.6975,2.2769358846874286,1.7637625,1.8706327463136367,1.906492815618002,1.795080111925204
10b,0.6996875,2.278918289401425,1.7661578125,1.8714509924714575,1.9076289248462823,1.7930909013927334
10b,0.701875,2.28091037280745,1.768553125,1.8722674498704914,1.9087629049114476,1.7911128537623737
10b,0.7040625,2.28291217663052,1.7709484375,1.8730821279778338,1.9098947664209875,1.7891458718920854
10b,0.70625,2.2849237429014515,1.77334375,1.8738950361812479,1.9110245198967823,1.787189859783537
10b,0.7084375,2.2869451139593515,1.7757390625,1.8747061837900731,1.9121521757760576,1.7852447225651495
10b,0.7106250000000001,2.2889763324541414,1.778134375,1.8755155800361214,1.9132777444123223,1.7833103664754408
10b,0.7128125000000001,2.2910174413491005,1.7805296875,1.876323234074557,1.9144012360762983,1.781386698846671
10b,0.715,2.2930684839234403,1.782925,1.8771291549847677,1.9155226609568323,1.7794736280887733
10b,0.7171875,2.2951295037749024,1.7853203125000001,1.8779333517712211,1.9166420291617976,1.7775710636735724
10b,0.719375,2.297200544822387,1.787715625,1.878735833364309,1.9177593507189818,1.775678916119281
10b,0.7215625,2.2992816513086045,1.7901109375,1.8795366086211795,1.9188746355769635,1.773797096975267
10b,0.72375,2.3013728678027596,1.79250625,1.8803356863265597,1.9199878936059753,1.7719255188070906
10b,0.7259375,2.303474239203259,1.7949015625,1.8811330751935622,1.9210991345987556,1.7700640951818007
10b,0.7281249999999999,2.3055858107404497,1.7972968749999998,1.8819287838644838,1.922208368271389,1.7682127406534884
10b,0.7303124999999999,2.3077076279793887,1.7996921874999998,1.8827228209115932,1.9233156042641344,1.7663713707490927
10b,0.7324999999999999,2.309839736822635,1.8020874999999998,1.8835151948379034,1.9244208521422415,1.764539901954449
10b,0.7346874999999999,2.3119821835130776,1.8044828124999999,1.884305914077939,1.9255241213967564,1.762718251700584
10b,0.736875,2.314135014636791,1.806878125,1.885094986998488,1.9266254214453173,1.7609063383502392
10b,0.7390625,2.316298277125918,1.8092734375,1.8858824218993464,1.9277247616329378,1.759104081184634
10b,0.74125,2.3184720182615894,1.81166875,1.8866682270140493,1.928822151232779,1.757311400390447
10b,0.7434375,2.320656285676868,1.8140640625,1.8874524105105959,1.929917599446914,1.7555282170470292
10b,0.745625,2.3228511273597268,1.816459375,1.888234980492161,1.9310111154070786,1.7537544531138238
10b,0.7478125,2.325056591656061,1.8188546875,1.889015944997797,1.9321027081754147,1.7519900314180101
10b,0.75,2.327272727272727,1.82125,1.8897953120031294,1.9331923867452026,1.7502348756423487
11a,0.2,1.1851851851851851,1.03066,1.0348627095414769,1.0190747075115847,1.01665865052195
11a,0.20625000000000002,1.1880787037037035,1.03260619140625,1.0370756745026057,1.0205367348052843,1.0179354932585687
11a,0.21250000000000002,1.1910612535612535,1.034612265625,1.0393567306933078,1.0220621249653785,1.0192676731397647
11a,0.21875,1.1941328347578346,1.03667822265625,1.041705878113583,1.0236516392234187,1.0206558549773246
11a,0.225,1.197293447293447,1.0388040625,1.0441231167634315,1.0253060254897712,1.022100691949149
11a,0.23125,1.200543091168091,1.04098978515625,1.0466084466428534,1.0270260189577756,1.023602826126888
11a,0.23750000000000002,1.2038817663817662,1.043235390625,1.0491618677518482,1.0288123426645963,1.0251628889657507
11a,0.24375000000000002,1.2073094729344727,1.04554087890625,1.0517833800904162,1.0306657080129493,1.0267815017601518
11a,0.25,1.2108262108262107,1.04790625,1.0544729836585576,1.032586815257387,1.0284592760683993
11a,0.25625000000000003,1.21443198005698,1.05033150390625,1.057230678456272,1.0345763539583868,1.0301968141092694
11a,0.2625,1.2181267806267806,1.052816640625,1.0600564644835597,1.036635003407129,1.0319947091329793
11a,0.26875000000000004,1.2219106125356125,1.05536166015625,1.0629503417404205,1.0387634330235125,1.0338535457687896
11a,0.275,1.2257834757834758,1.0579665625,1.0659123102268546,1.0409623027296937,1.0357739003512298
11a,0.28125,1.2297453703703702,1.06063134765625,1.068942369942862,1.0432322633011837,1.0377563412267239
11a,0.28750000000000003,1.2337962962962963,1.063356015625,1.0720405208884423,1.0455739566973272,1.0398014290422104
11a,0.29375,1.2379362535612537,1.06614056640625,1.075206763063596,1.047988016372804,1.0419097170171885
11a,0.30000000000000004,1.2421652421652423,1.068985,1.0784410964683229,1.0504750675716292,1.0440817512004787
11a,0.30625,1.246483262108262,1.07188931640625,1.081743521102623,1.0530357276049869,1.0463180707128656
11a,0.3125,1.2508903133903133,1.074853515625,1.0851140369664962,1.0556706061140984,1.0486192079766705
11a,0.31875000000000003,1.2553863960113958,1.07787759765625,1.0885526440599427,1.0583803053192238,1.0509856889332134
11a,0.325,1.25997150997151,1.0809615625,1.0920593423829623,1.0611654202557854,1.0534180332490288
11a,0.33125000000000004,1.2646456552706553,1.08410541015625,1.0956341319355551,1.064026538998521,1.0559167545116268
11a,0.3375,1.269408831908832,1.087309140625,1.0992770127177212,1.0669642428744877,1.0584823604155171
11a,0.34375,1.27426103988604,1.09057275390625,1.1029879847294604,1.0699791066656723,1.0611153529391575
11a,0.35000000000000003,1.2792022792022792,1.09389625,1.1067670479707727,1.0730716988018978,1.0638162285134236
11a,0.35625,1.2842325498575498,1.09727962890625,1.1106142024416583,1.0762425815446546,1.0665854781821584
11a,0.36250000000000004,1.2893518518518516,1.100722890625,1.1145294481421173,1.0794923111624426,1.0694235877553029
11a,0.36875,1.2945601851851851,1.10422603515625,1.1185127850721492,1.082821438098151,1.0723310379550763
11a,0.375,1.2998575498575498,1.1077890625,1.1225642132317544,1.0862305071289744,1.0753083045556362
11a,0.38125000000000003,1.305243945868946,1.11141197265625,1.126683732620933,1.089720057519313,1.078355858516612
11a,0.3875,1.3107193732193732,1.115094765625,1.1308713432396844,1.0932906231670798,1.0814741661108807
11a,0.39375000000000004,1.316283831908832,1.11883744140625,1.1351270450880093,1.0969427327438,1.0846636890469203
11a,0.4,1.321937321937322,1.12264,1.1394508381659072,1.1006769098288602,1.0879248845860559
11a,0.40625,1.3276798433048431,1.12650244140625,1.1438427224733785,1.1044936730382466,1.0912582056548894
11a,0.41250000000000003,1.333511396011396,1.130424765625,1.148302698010423,1.1083935361480703,1.0946641009531812
11a,0.41875,1.3394319800569798,1.13440697265625,1.1528307647770404,1.112377008213178,1.0981430150574356
11a,0.42500000000000004,1.3454415954415955,1.1384490625,1.1574269227732312,1.116444593681108,1.1016953885204235
11a,0.43125,1.351540242165242,1.14255103515625,1.1620911719989953,1.1205967925016425,1.105321657966858
11a,0.4375,1.3577279202279202,1.146712890625,1.1668235124543325,1.1248341002321898,1.1090222561854295
11a,0.44375000000000003,1.3640046296296298,1.15093462890625,1.1716239441392429,1.1291570081392106,1.1127976122173844
11a,0.45,1.3703703703703705,1.15521625,1.1764924670537265,1.133566003295894,1.1166481514418287
11a,0.45625000000000004,1.3768251424501425,1.15955775390625,1.1814290811977832,1.138061568676269,1.12057429565792
11a,0.4625,1.3833689458689458,1.163959140625,1.1864337865714132,1.142644183245932,1.1245764631641033
11a,0.46875,1.3900017806267806,1.16842041015625,1.1915065831746163,1.147314322049556,1.128655068834535
11a,0.47500000000000003,1.3967236467236466,1.1729415625,1.1966474710073927,1.1520724562953364,1.1328105241928326
11a,0.48125,1.4035345441595442,1.17752259765625,1.2018564500697422,1.1569190534365195,1.1370432374832782
11a,0.48750000000000004,1.4104344729344729,1.182163515625,1.207133520361665,1.1618545772501538,1.1413536137395939
11a,0.49375,1.417423433048433,1.18686431640625,1.212478681883161,1.166879487913193,1.1457420548514037
11a,0.5,1.4245014245014245,1.191625,1.21789193463423,1.1719942420760674,1.1502089596284897
11a,0.5062500000000001,1.4316684472934473,1.19644556640625,1.2233732786148726,1.1771992929338475,1.1547547238629385
11a,0.5125,1.4389245014245013,1.2013260156249999,1.228922713825088,1.1824950902951004,1.1593797403892783
11a,0.51875,1.4462695868945867,1.20626634765625,1.2345402402648769,1.1878820806485437,1.164084399142689
11a,0.525,1.4537037037037037,1.2112665625,1.2402258579342387,1.1933607072275947,1.1688690872153764
11a,0.53125,1.4612268518518519,1.21632666015625,1.245979566833174,1.198931410072904,1.1737341889111836
11a,0.5375000000000001,1.4688390313390314,1.221446640625,1.2518013669616823,1.2045946260929594,1.178680085798521
11a,0.54375,1.476540242165242,1.22662650390625,1.2576912583197637,1.2103507891228433,1.1837071567616781
11a,0.55,1.4843304843304843,1.23186625,1.2636492409074185,1.2162003299812196,1.1888157780505957
11a,0.55625,1.492209757834758,1.23716587890625,1.2696753147246465,1.2221436765256217,1.1940063233291487
11a,0.5625,1.5001780626780625,1.242525390625,1.2757694797714474,1.2281812537061148,1.1992791637220117
11a,0.5687500000000001,1.508235398860399,1.2479447851562502,1.281931736047822,1.234313483617393,1.2046346678601585
11a,0.575,1.5163817663817662,1.2534240625,1.2881620835537693,1.2405407855493784,1.2100732019250509
11a,0.58125,1.5246171652421652,1.25896322265625,1.29446052228929,1.2468635760363782,1.2155951296915692
11a,0.5875,1.5329415954415955,1.264562265625,1.3008270522543839,1.2532822689048553,1.2212008125697342
11a,0.59375,1.541355056980057,1.27022119140625,1.307261673449051,1.2597972753198712,1.2268906096452645
11a,0.6000000000000001,1.54985754985755,1.27594,1.3137643858732915,1.2664090038302442,1.2326648777190174
11a,0.60625,1.558449074074074,1.28171869140625,1.320335189527105,1.2731178604124784,1.2385239713453522
11a,0.6125,1.5671296296296295,1.287557265625,1.3269740844104916,1.279924248513506,1.2444682428694587
11a,0.61875,1.5758992165242163,1.29345572265625,1.3336810705234514,1.2868285690922845,1.2504980424636871
11a,0.625,1.5847578347578346,1.2994140625,1.3404561478659844,1.2938312206602989,1.256613718162918
11a,0.6312500000000001,1.5937054843304845,1.30543228515625,1.3472993164380909,1.3009325993209977,1.262815615899005
11a,0.6375,1.602742165242165,1.3115103906249999,1.3542105762397703,1.3081330988082105,1.2691040795343245
11a,0.64375,1.6118678774928776,1.31764837890625,1.361189927271023,1.3154331105235781,1.275479450894467
11a,0.65,1.621082621082621,1.32384625,1.3682373695318488,1.3228330235730303,1.2819420698000923
11a,0.65625,1.630386396011396,1.33010400390625,1.375352903022248,1.3303332248023467,1.2884922740979876
11a,0.6625000000000001,1.6397792022792022,1.336421640625,1.3825365277422204,1.3379340988318311,1.29513039969135
11a,0.66875,1.64926103988604,1.34279916015625,1.3897882436917657,1.3456360280901283,1.3018567805693175
11a,0.675,1.6588319088319086,1.3492365625,1.3971080508708844,1.3534393928472155,1.3086717488357862
11a,0.68125,1.668491809116809,1.35573384765625,1.4044959492795763,1.361344571246592,1.3155756347375176
11a,0.6875,1.6782407407407407,1.3622910156249999,1.4119519389178414,1.369351939336699,1.3225687666915826
11a,0.6937500000000001,1.6880787037037037,1.36890806640625,1.4194760197856797,1.377461871101589,1.3296514713121443
11a,0.7,1.698005698005698,1.375585,1.427068191883091,1.3856747384908727,1.3368240734366124
11a,0.70625,1.7080217236467234,1.38232181640625,1.4347284552100759,1.3939909114489701,1.3440868961511885
11a,0.7125000000000001,1.7181267806267806,1.389118515625,1.4424568097666337,1.4024107579436773,1.3514402608158163
11a,0.71875,1.728320868945869,1.39597509765625,1.4502532555527647,1.410934643994084,1.3588844870885604
11a,0.7250000000000001,1.7386039886039888,1.4028915625,1.458117792568469,1.4195629336978537,1.3664198929494336
11a,0.73125,1.7489761396011394,1.40986791015625,1.4660504208137461,1.4282959892578868,1.3740467947236814
11a,0.7375,1.7594373219373218,1.416904140625,1.474051140288597,1.4371341710083911,1.3817655071045507
11a,0.7437500000000001,1.7699875356125356,1.4240002539062502,1.482119950993021,1.4460778374403715,1.3895763431755503
11a,0.75,1.7806267806267806,1.43115625,1.490256852927018,1.45512734522656,1.397479614432225
11a,0.7562500000000001,1.791355056980057,1.43837212890625,1.498461846090588,1.4642830492458054,1.4054756308034533
11a,0.7625,1.8021723646723644,1.4456478906249999,1.5067349304837314,1.47354530260693,1.4135647006722845
11a,0.76875,1.8130787037037037,1.4529835351562501,1.5150761061064482,1.4829144566720807,1.4217471308963319
11a,0.7750000000000001,1.8240740740740742,1.4603790625000002,1.523485372958738,1.49239086107958,1.430023226827728
11a,0.78125,1.8351584757834756,1.46783447265625,1.531962731040601,1.5019748637662955,1.438393292332662
11a,0.7875000000000001,1.846331908831909,1.475349765625,1.5405081803520373,1.5116668109895457,1.446857629810511
11a,0.79375,1.857594373219373,1.48292494140625,1.5491217208930466,1.5214670473485423,1.4554165402125645
11a,0.8,1.868945868945869,1.4905599999999999,1.5578033526636292,1.5313759158054023,1.4640703230603775
11a,0.8062500000000001,1.8803863960113962,1.49825494140625,1.566553075663785,1.54139375770572,1.4728192764637358
11a,0.8125,1.8919159544159543,1.506009765625,1.575370889893514,1.5515209127987306,1.4816636971382646
11a,0.8187500000000001,1.9035345441595442,1.5138244726562502,1.5842567953528164,1.5617577192570642,1.490603880422682
11a,0.825,1.9152421652421652,1.5216990624999998,1.5932107920416914,1.5721045136961054,1.4996401202957055
11a,0.83125,1.9270388176638176,1.52963353515625,1.6022328799601402,1.5825616311929716,1.5087727093926269
11a,0.8375000000000001,1.9389245014245016,1.537627890625,1.611323059108162,1.593129405305116,1.5180019390215584
11a,0.84375,1.9508992165242165,1.54568212890625,1.6204813294857567,1.6038081680885692,1.527328099179365
11a,0.8500000000000001,1.962962962962963,1.55379625,1.6297076910929251,1.6145982501158296,1.5367514785672869
11a,0.85625,1.9751157407407403,1.5619702539062499,1.6390021439296665,1.625499980493403,1.546272364606259
11a,0.8625,1.98735754985755,1.570204140625,1.648364687995981,1.636513686879018,1.555891043451945
11a,0.8687500000000001,1.9996883903133904,1.5784979101562502,1.657795323291869,1.6476396954985044,1.5656078000094786
11a,0.875,2.0121082621082618,1.5868515625000001,1.6672940498173299,1.6588783311623627,1.5754229179479338
11a,0.8812500000000001,2.0246171652421654,1.5952650976562501,1.6768608675723642,1.6702299172820214,1.5853366797145223
11a,0.8875,2.0372150997150995,1.603738515625,1.6864957765569712,1.6816947758857899,1.595349366548528
11a,0.89375,2.0499020655270654,1.61227181640625,1.6961987767711517,1.693273227634525,1.605461258494986
11a,0.9000000000000001,2.0626780626780628,1.6208650000000002,1.7059698682149058,1.7049655918370028,1.6156726344181105
11a,0.90625,2.075543091168091,1.6295180664062499,1.7158090508882324,1.7167721864650176,1.625983772014479
11a,0.9125000000000001,2.088497150997151,1.6382310156250002,1.725716324791133,1.7286933281682084,1.6363949478259818
11a,0.91875,2.101540242165242,1.6470038476562499,1.735691689923606,1.7407293322886148,1.6469064372525342
11a,0.925,2.1146723646723644,1.6558365625000002,1.7457351462856527,1.7528805128749825,1.6575185145645697
11a,0.9312500000000001,2.127893518518519,1.6647291601562502,1.7558466938772725,1.7651471826968075,1.6682314529153057
11a,0.9375,2.1412037037037037,1.673681640625,1.7660263326984653,1.7775296532581408,1.6790455243528
11a,0.9437500000000001,2.15460292022792,1.6826940039062501,1.7762740627492315,1.79002823481115,1.6899609998317935
11a,0.95,2.1680911680911676,1.69176625,1.7865898840295706,1.8026432363694465,1.7009781492253495
11a,0.95625,2.1816684472934473,1.70089837890625,1.7969737965394832,1.8153749657211826,1.7120972413362936
11a,0.9625000000000001,2.195334757834758,1.7100903906250002,1.8074258002789692,1.8282237294419275,1.7233185439084562
11a,0.96875,2.2090900997150995,1.7193422851562499,1.8179458952480279,1.8411898329073213,1.7346423236377266
11a,0.9750000000000001,2.222934472934473,1.7286540625,1.8285340814466602,1.8542735803055224,1.7460688461829206
11a,0.98125,2.236867877492877,1.7380257226562499,1.8391903588748653,1.8674752746494359,1.7575983761764626
11a,0.9875,2.2508903133903133,1.747457265625,1.849914727532644,1.8807952177887506,1.769231177234897
11a,0.9937500000000001,2.265001780626781,1.75694869140625,1.8607071874199956,1.894233710421767,1.7809675119692177
11a,1.0,2.2792022792022792,1.7665,1.8715677385369205,1.907791052107036,1.7928076419950334
11a,1.00625,2.293491809116809,1.7761111914062502,1.8824963808834188,1.9214675412748103,1.804751827942567
11a,1.0125,2.3078703703703707,1.785782265625,1.8934931144594898,1.935263475238301,1.8168003294664885
11a,1.01875,2.3223379629629632,1.79551322265625,1.9045579392651346,1.9491791502047628,1.8289534052555956
11a,1.0250000000000001,2.3368945868945867,1.8053040625000003,1.9156908553003524,1.9632148612863944,1.8412113130423315
11a,1.03125,2.351540242165242,1.81515478515625,1.926891862565143,1.9773709025110695,1.8535743096121586
11a,1.0375,2.3662749287749287,1.825065390625,1.9381609610595072,1.9916475668328968,1.8660426508127812
11a,1.04375,2.3810986467236464,1.83503587890625,1.9494981507834441,2.006045146142612,1.8786165915632194
11a,1.05,2.396011396011396,1.84506625,1.960903431736955,2.020563931277811,1.8912963858627476
11a,1.0562500000000001,2.411013176638177,1.85515650390625,1.9723768039200387,2.0352042120330203,1.9040822867996894
11a,1.0625,2.4261039886039883,1.865306640625,1.9839182673326954,2.049966277169614,1.9169745465600774
11a,1.06875,2.441283831908832,1.87551666015625,1.9955278219749255,2.064850414425579,1.9299734164361828
11a,1.075,2.456552706552706,1.8857865624999999,2.0072054678467284,2.0798569105251294,1.9430791468349105
11a,1.08125,2.4719106125356123,1.8961163476562501,2.018951204948105,2.094986051188176,1.956291987286071
11a,1.0875000000000001,2.4873575498575495,1.9065060156250002,2.030765033279055,2.1102381211396515,1.9696121864505223
11a,1.09375,2.502893518518518,1.9169555664062499,2.0426469528395774,2.125613404118698,1.983039992128196
11a,1.1,2.518518518518518,1.9274650000000002,2.054596963629674,2.141112182887718,1.996575651266
11a,1.10625,2.5342325498575495,1.9380343164062497,2.066615065649343,2.1567347392412843,2.0102194099656012
11a,1.1125,2.5500356125356127,1.9486635156249998,2.078701258898586,2.1724813540149315,2.0239715134911016
11a,1.1187500000000001,2.565927706552707,1.9593525976562502,2.090855543377401,2.1883523070938016,2.0378322062765926
11a,1.125,2.581908831908832,1.9701015625,2.10307791908579,2.2043478774211804,2.0518017319336046
11a,1.13125,2.597978988603989,1.98091041015625,2.115368386023752,2.2204683430068997,2.065880333258449
11a,1.1375,2.6141381766381766,1.9917791406249998,2.127726944191287,2.23671398093562,2.0800682522394514
11a,1.14375,2.6303863960113962,2.00270775390625,2.140153593588396,2.2530850673749954,2.094365730064082
11a,1.1500000000000001,2.646723646723647,2.01369625,2.152648334215078,2.2695818775837253,2.1087730071259854
11a,1.15625,2.6631499287749287,2.02474462890625,2.165211166071332,2.2862046859194836,2.123290323031908
11a,1.1625,2.679665242165242,2.0358528906249997,2.1778420891571604,2.3029537658467474,2.137917916608535
11a,1.16875,2.696269586894587,2.04702103515625,2.1905411034725617,2.319829389944503,2.1526560259092187
11a,1.175,2.7129629629629632,2.0582490625,2.203308209017536,2.3368318299138564,2.167504888220626
11a,1.1812500000000001,2.7297453703703702,2.06953697265625,2.2161434057920837,2.353961356585529,2.1824647400692854
11a,1.1875,2.746616809116809,2.080884765625,2.229046693796204,2.3712182399272543,2.197535817228045
11a,1.19375,2.7635772792022792,2.09229244140625,2.2420180730298984,2.388602749051075,2.2127183547224467
11a,1.2,2.7806267806267804,2.10376,2.2550575434931655,2.4061151522205337,2.2280125868370058
11b,0.2,1.0883333333333334,1.0183324838425707,1.0322718707218776,1.0155986233776688,1.0266632976469283
11b,0.20625000000000002,1.0912955729166667,1.019496166898984,1.0343203781407468,1.0167942177587852,1.0287069708658318
11b,0.21250000000000002,1.0943489583333335,1.020695655587902,1.0364319165571196,1.0180416280583593,1.030839214929946
11b,0.21875,1.0974934895833335,1.0219309499093254,1.0386064859709963,1.0193414767847182,1.0330610939155305
11b,0.225,1.1007291666666668,1.0232020498632537,1.0408440863823765,1.0206943755525943,1.0353736532780242
11b,0.23125,1.1040559895833335,1.024508955449687,1.0431447177912603,1.0221009255771836,1.0377779206965585
11b,0.23750000000000002,1.1074739583333333,1.0258516666686253,1.0455083801976477,1.02356171813279,1.0402749068579347
11b,0.24375000000000002,1.1109830729166668,1.0272301835200686,1.047935073601539,1.025077334979477,1.042865606185913
11b,0.25,1.1145833333333335,1.0286445060040168,1.0504247980029338,1.0266483487607312,1.045550997520957
11b,0.25625000000000003,1.1182747395833335,1.0300946341204702,1.0529775534018324,1.028275323374803,1.0483320447549775
11b,0.2625,1.1220572916666667,1.0315805678694285,1.0555933397982344,1.029958814322073,1.051209697425099
11b,0.26875000000000004,1.1259309895833334,1.033102307250892,1.0582721571921403,1.0316993690305358,1.0541848912700216
11b,0.275,1.1298958333333333,1.0346598522648605,1.06101400558355,1.0334975271612676,1.0572585487521675
11b,0.28125,1.1339518229166667,1.0362532029113338,1.063818884972463,1.03535382089554,1.060431579548455
11b,0.28750000000000003,1.1380989583333334,1.0378823591903124,1.06668679535888,1.0372687752050744,1.0637048810122545
11b,0.29375,1.1423372395833336,1.0395473211017958,1.0696177367428006,1.039242908106777,1.0670793386088173
11b,0.30000000000000004,1.1466666666666667,1.0412480886457842,1.0726117091242247,1.0412767309031632,1.0705558263262387
11b,0.30625,1.1510872395833336,1.0429846618222778,1.0756687125031525,1.0433707484095567,1.0741352070638222
11b,0.3125,1.1555989583333335,1.0447570406312763,1.078788746879584,1.0455254591690575,1.077818332999529
11b,0.31875000000000003,1.1602018229166668,1.04656522507278,1.0819718122535193,1.0477413556561648,1.0816060459380379
11b,0.325,1.1648958333333335,1.0484092151467885,1.085217908624958,1.0500189244698708,1.0854991776408098
11b,0.33125000000000004,1.1696809895833333,1.050289010853302,1.0885270359939008,1.0523586465169645,1.0894985501394148
11b,0.3375,1.1745572916666667,1.0522046121923208,1.0918991943603469,1.0547609971862206,1.0936049760332776
11b,0.34375,1.1795247395833333,1.0541560191638444,1.0953343837242968,1.0572264465140857,1.0978192587728939
11b,0.35000000000000003,1.1845833333333333,1.056143231767873,1.0988326040857503,1.0597554593424305,1.1021421929294806
11b,0.35625,1.1897330729166666,1.0581662500044067,1.1023938554447075,1.0623484954688809,1.1065745644519425
11b,0.36250000000000004,1.1949739583333334,1.0602250738734456,1.1060181378011684,1.0650060097902063,1.1111171509119704
11b,0.36875,1.2003059895833335,1.0623197033749892,1.1097054511551327,1.0677284524391975,1.1157707217380126
11b,0.375,1.2057291666666667,1.064450138509038,1.1134557955066011,1.070516268915439,1.1205360384388092
11b,0.38125000000000003,1.2112434895833335,1.0666163792755916,1.1172691708555729,1.0733699002103478,1.125413854817123
11b,0.3875,1.2168489583333333,1.0688184256746505,1.1211455772020484,1.0762897829268159,1.1304049171742516
11b,0.39375000000000004,1.2225455729166668,1.0710562777062143,1.1250850145460276,1.0792763493937791,1.135509964505863
11b,0.4,1.2283333333333335,1.0733299353702832,1.1290874828875106,1.0823300277760035,1.1407297286896565
11b,0.40625,1.2342122395833333,1.075639398666857,1.133152982226497,1.0854512421793594,1.1460649346653133
11b,0.41250000000000003,1.2401822916666667,1.077984667595936,1.1372815125629874,1.0886404127518392,1.1515163006071685
11b,0.41875,1.2462434895833332,1.08036574215752,1.1414730738969812,1.091897955780551,1.1570845380900074
11b,0.42500000000000004,1.2523958333333336,1.0827826223516088,1.1457276662284788,1.0952242837849089,1.1627703522483566
11b,0.43125,1.2586393229166668,1.0852353081782027,1.15004528955748,1.0986198056062202,1.1685744419296213
11b,0.4375,1.2649739583333333,1.0877237996373017,1.1544259438839848,1.1020849264938641,1.1744974998413924
11b,0.44375000000000003,1.2713997395833334,1.0902480967289057,1.1588696292079934,1.1056200481882341,1.180540212693223
11b,0.45,1.2779166666666668,1.0928081994530146,1.1633763455295054,1.1092255690006136,1.1867032613331625
11b,0.45625000000000004,1.2845247395833335,1.0954041078096286,1.1679460928485215,1.1129018838901377,1.192987320879311
11b,0.4625,1.2912239583333336,1.0980358217987476,1.172578871165041,1.1166493845379866,1.1993930608466403
11b,0.46875,1.2980143229166667,1.1007033414203717,1.1772746804790641,1.1204684594189473,1.2059211452693175
11b,0.47500000000000003,1.3048958333333336,1.1034066666745008,1.182033520790591,1.124359493870471,1.2125722328187456
11b,0.48125,1.3118684895833335,1.106145797561135,1.1868553920996217,1.128322870159344,1.219346976917528
11b,0.48750000000000004,1.3189322916666668,1.108920734080274,1.1917402944061557,1.1323589675460872,1.2262460258495507
11b,0.49375,1.3260872395833334,1.1117314762319181,1.1966882277101936,1.136468162347191,1.2332700228663576
11b,0.5,1.3333333333333335,1.1145780240160674,1.2016991920117353,1.1406508279952796,1.2404196062899964
11b,0.5062500000000001,1.3406705729166668,1.1174603774327216,1.2067731873107805,1.1449073350973054,1.2476954096124906
11b,0.5125,1.3480989583333334,1.1203785364818808,1.2119102136073292,1.1492380514908576,1.2550980615920893
11b,0.51875,1.3556184895833334,1.123332501163545,1.217110270901382,1.15364334229867,1.2626281863464404
11b,0.525,1.3632291666666667,1.1263222714777144,1.222373359192938,1.1581235699814065,1.2702864034428176
11b,0.53125,1.3709309895833335,1.1293478474243885,1.227699478481998,1.1626790943887986,1.2780733279855327
11b,0.5375000000000001,1.3787239583333335,1.1324092290035679,1.2330886287685616,1.1673102728092055,1.285989570700651
11b,0.54375,1.3866080729166665,1.1355064162152522,1.2385408100526287,1.1720174600176643,1.2940357380181224
11b,0.55,1.3945833333333333,1.1386394090594416,1.2440560223341997,1.1768010083224905,1.3022124321514417
11b,0.55625,1.4026497395833335,1.141808207536136,1.2496342656132742,1.181661267610492,1.3105202511749308
11b,0.5625,1.4108072916666667,1.1450128116453353,1.2552755398898523,1.1865985853908523,1.3189597890987503
11b,0.5687500000000001,1.4190559895833335,1.1482532213870398,1.2609798451639342,1.1916133068377321,1.3275316359417233
11b,0.575,1.4273958333333332,1.1515294367612492,1.2667471814355198,1.1967057748316492,1.3362363778020627
11b,0.58125,1.4358268229166669,1.1548414577679635,1.2725775487046092,1.2018763299996755,1.3450745969260862
11b,0.5875,1.4443489583333335,1.158189284407183,1.278470946971202,1.2071253107545046,1.3540468717749918
11b,0.59375,1.4529622395833335,1.1615729166789075,1.2844273762352985,1.2124530533324291,1.3631537770897764
11b,0.6000000000000001,1.461666666666667,1.164992354583137,1.2904468364968986,1.2178598918302708,1.372395883954361
11b,0.60625,1.4704622395833336,1.1684475981198716,1.2965293277560026,1.2233461582413028,1.3817737598569941
11b,0.6125,1.4793489583333337,1.1719386472891111,1.3026748500126102,1.2289121824902036,1.3912879687500002
11b,0.61875,1.4883268229166668,1.1754655020908558,1.3088834032667214,1.2345582924670748,1.400939071107925
11b,0.625,1.4973958333333335,1.1790281625251053,1.3151549875183361,1.2402848140605596,1.4107276239841513
11b,0.6312500000000001,1.5065559895833336,1.18262662859186,1.3214896027674548,1.2460920711900951,1.4206541810660234
11b,0.6375,1.5158072916666665,1.1862609002911195,1.327887249014077,1.251980385837327,1.4307192927285486
11b,0.64375,1.5251497395833336,1.1899309776228844,1.334347926258203,1.2579500780767197,1.4409235060867194
11b,0.65,1.5345833333333334,1.193636860587154,1.3408716344998326,1.264001466105385,1.4512673650465016
11b,0.65625,1.5441080729166667,1.1973785491839286,1.3474583737389656,1.2701348662721652,1.4617514103545446
11b,0.6625000000000001,1.5537239583333335,1.2011560434132085,1.3541081439756026,1.2763505931059855,1.4723761796466486
11b,0.66875,1.5634309895833334,1.204969343274993,1.360820945209743,1.2826489593435102,1.4831422074950358
11b,0.675,1.5732291666666667,1.2088184487692828,1.3675967774413875,1.2890302759561214,1.494050025454467
11b,0.68125,1.5831184895833335,1.2127033598960777,1.3744356406705354,1.2954948521762428,1.5051001621072382
11b,0.6875,1.5930989583333333,1.2166240766553775,1.3813375348971868,1.3020429955230324,1.5162931431070974
11b,0.6937500000000001,1.603170572916667,1.2205805990471823,1.3883024601213423,1.3086750118274648,1.5276294912221187
11b,0.7,1.6133333333333333,1.224572927071492,1.395330416343001,1.31539120525682,1.5391097263765627
11b,0.70625,1.6235872395833335,1.228601060728307,1.4024214035621636,1.3221918783386029,1.5507343656917614
11b,0.7125000000000001,1.633932291666667,1.232665000017627,1.4095754217788299,1.3290773319839055,1.5625039235260547
11b,0.71875,1.6443684895833335,1.2367647449394519,1.4167924709929998,1.3360478655102366,1.5744189115138107
11b,0.7250000000000001,1.6548958333333337,1.2409002954937818,1.4240725512046732,1.3431037766638299,1.5864798386035615
11b,0.73125,1.6655143229166667,1.2450716516806166,1.4314156624138503,1.350245361641449,1.5986872110952708
11b,0.7375,1.6762239583333334,1.2492788134999566,1.4388218046205314,1.3574729151117064,1.6110415326767802
11b,0.7437500000000001,1.6870247395833338,1.2535217809518018,1.4462909778247162,1.3647867302359087,1.6235433044594354
11b,0.75,1.6979166666666667,1.2578005540361517,1.453823182026404,1.3721870986884421,1.636193025012938
11b,0.7562500000000001,1.7088997395833336,1.262115132753007,1.4614184172255962,1.3796743106767193,1.648991190399435
11b,0.7625,1.7199739583333333,1.2664655171023669,1.4690766834222915,1.387248654960687,1.6619382942068688
11b,0.76875,1.731139322916667,1.270851707084232,1.476797980616491,1.394910418871923,1.6750348275816176
11b,0.7750000000000001,1.7423958333333338,1.275273702698602,1.484582308808194,1.4026598883323216,1.688281279260437
11b,0.78125,1.7537434895833335,1.279731503945477,1.4924296679974005,1.410497347872388,1.7016781356017288
11b,0.7875000000000001,1.765182291666667,1.2842251108248572,1.5003400581841106,1.4184230806491502,1.7152258806161615
11b,0.79375,1.7767122395833335,1.2887545233367423,1.5083134793683244,1.4264373684636964,1.7289249959966453
11b,0.8,1.7883333333333336,1.2933197414811326,1.5163499315500422,1.434540491778355,1.7427759611476996
11b,0.8062500000000001,1.8000455729166671,1.2979207652580278,1.5244494147292635,1.4427327297335206,1.7567792532142132
11b,0.8125,1.8118489583333335,1.302557594667428,1.5326119289059883,1.4510143601641405,1.7709353471096272
11b,0.8187500000000001,1.8237434895833335,1.3072302297093334,1.540837474080217,1.4593856596158703,1.7852447155435485
11b,0.825,1.8357291666666666,1.3119386703837435,1.549126050251949,1.467846903360905,1.799707829048811
11b,0.83125,1.8478059895833334,1.3166829166906588,1.557477657421185,1.4763983654134987,1.8143251560080058
11b,0.8375000000000001,1.8599739583333337,1.3214629686300792,1.5658922955879246,1.4850403185451788,1.8290971626794832
11b,0.84375,1.8722330729166667,1.3262788262020044,1.5743699647521678,1.493773034299661,1.8440243132228524
11b,0.8500000000000001,1.8845833333333335,1.3311304894064349,1.5829106649139149,1.5025967830074807,1.8591070697239878
11b,0.85625,1.8970247395833335,1.3360179582433702,1.5915143960731652,1.5115118338003373,1.87434589221955
11b,0.8625,1.909557291666667,1.3409412327128107,1.6001811582299195,1.52051845462517,1.8897412387210455
11b,0.8687500000000001,1.9221809895833335,1.3459003128147562,1.6089109513841775,1.5296169122579628,1.905293565238424
11b,0.875,1.9348958333333333,1.3508951985492064,1.6177037755359391,1.5388074723172922,1.921003325803237
11b,0.8812500000000001,1.9477018229166672,1.355925889916162,1.6265596306852044,1.5480903992776236,1.9368709724913644
11b,0.8875,1.9605989583333334,1.3609923869156224,1.6354785168319732,1.5574659564823565,1.952896955445314
11b,0.89375,1.9735872395833336,1.3660946895475878,1.6444604339762459,1.5669344061566353,1.969081722896119
11b,0.9000000000000001,1.9866666666666672,1.3712327978120586,1.6535053821180221,1.576496009419921,1.9854257211848276
11b,0.90625,1.9998372395833335,1.376406711709034,1.6626133612573017,1.5861510262983378,2.001929394783607
11b,0.9125000000000001,2.013098958333334,1.3816164312385146,1.6717843713940856,1.5958997157367976,2.0185931863164703
11b,0.91875,2.0264518229166666,1.3868619564005,1.6810184125283727,1.6057423356109037,2.0354175365796214
11b,0.925,2.039895833333334,1.3921432871949908,1.6903154846601638,1.6156791427386499,2.0524028845614515
11b,0.9312500000000001,2.0534309895833336,1.3974604236219865,1.6996755877894585,1.625710392891904,2.0695496674621734
11b,0.9375,2.067057291666667,1.402813365681487,1.7090987219162566,1.635836340807698,2.086858320713115
11b,0.9437500000000001,2.0807747395833336,1.4082021133734928,1.7185848870405587,1.6460572401993174,2.1043292779956793
11b,0.95,2.094583333333333,1.4136266666980033,1.728134083162364,1.6563733437671995,2.1219629712599684
11b,0.95625,2.108483072916667,1.4190870256550192,1.7377463102816733,1.666784903209646,2.139759830743098
11b,0.9625000000000001,2.122473958333334,1.4245831902445398,1.7474215683984866,1.6772921692333493,2.1577202849871915
11b,0.96875,2.1365559895833335,1.4301151604665656,1.7571598575128027,1.6878953915637434,2.1758447608570677
11b,0.9750000000000001,2.150729166666667,1.4356829363210963,1.7669611776246232,1.6985948189551798,2.1941336835576433
11b,0.98125,2.1649934895833334,1.4412865178081322,1.776825528733947,1.7093906992009313,2.2125874766510236
11b,0.9875,2.1793489583333336,1.446925904927673,1.7867529108407747,1.7202832791430325,2.2312065620733303
11b,0.9937500000000001,2.193795572916667,1.452601097679719,1.796743323945106,1.7312728046819528,2.249991360151233
11b,1.0,2.2083333333333335,1.4583120960642697,1.8067967680469408,1.742359520786116,2.268942289618219
11b,1.00625,2.2229622395833335,1.4640589000813256,1.8169132431462796,1.7535436715012611,2.2880597676306023
11b,1.0125,2.2376822916666668,1.4698415097308863,1.8270927492431217,1.764825499959652,2.3073442097832544
11b,1.01875,2.252493489583334,1.4756599250129523,1.8373352863374675,1.7762052483891395,2.3267960301251045
11b,1.0250000000000001,2.267395833333334,1.4815141459275234,1.8476408544293172,1.7876831581220767,2.3464156411743717
11b,1.03125,2.282389322916667,1.4874041724745992,1.8580094535186704,1.7992594696040927,2.3662034539335695
11b,1.0375,2.297473958333334,1.4933300046541804,1.8684410836055276,1.8109344224027313,2.3861598779042636
11b,1.04375,2.3126497395833336,1.4992916424662663,1.8789357446898878,1.8227082552159457,2.4062853211015995
11b,1.05,2.327916666666667,1.5052890859108574,1.8894934367717524,1.8345812058804694,2.4265801900686075
11b,1.0562500000000001,2.3432747395833338,1.5113223349879534,1.9001141598511202,1.8465535113800502,2.4470448898902775
11b,1.0625,2.3587239583333335,1.5173913896975544,1.9107979139279916,1.8586254078535602,2.4676798242074245
11b,1.06875,2.374264322916667,1.5234962500396607,1.921544699002367,1.8707971306029827,2.488485395230336
11b,1.075,2.389895833333333,1.5296369160142715,1.9323545150742458,1.8830689141012709,2.509462003752211
11b,1.08125,2.4056184895833335,1.5358133876213877,1.9432273621436287,1.8954409920000965,2.5306100491623993
11b,1.0875000000000001,2.421432291666667,1.5420256648610091,1.954163240210515,1.9079135971374719,2.5519299294594355
11b,1.09375,2.4373372395833335,1.548273747733135,1.9651621492749047,1.9204869615452655,2.573422041263881
11b,1.1,2.453333333333334,1.5545576362377664,1.9762240893367986,1.9331613164566013,2.595086779830975
11b,1.10625,2.469420572916667,1.5608773303749026,1.9873490603961956,1.945936892313148,2.616924539063093
11b,1.1125,2.485598958333334,1.567232830144544,1.9985370624530967,1.9588139187723046,2.6389357115220293
11b,1.1187500000000001,2.501868489583334,1.5736241355466902,2.0097880955075014,1.9717926247142747,2.6611206884410907
11b,1.125,2.5182291666666674,1.5800512465813412,2.021102159559409,1.984873238249044,2.6834798597370204
11b,1.13125,2.5346809895833338,1.5865141632484976,2.0324792546088215,1.998055986723252,2.706013614021748
11b,1.1375,2.5512239583333334,1.5930128855481587,2.043919380655737,2.011341096726966,2.7287223386139656
11b,1.14375,2.567858072916667,1.5995474134803254,2.0554225377001565,2.0247287941003593,2.7516064195505443
11b,1.1500000000000001,2.5845833333333337,1.6061177470449968,2.066988725742079,2.0382193039402914,2.7746662415977825
11b,1.15625,2.6013997395833335,1.6127238862421729,2.078617944781506,2.0518128506067965,2.7979021882624946
11b,1.1625,2.618307291666667,1.6193658310718544,2.0903101948184366,2.0655096577294847,2.821314641802954
11b,1.16875,2.6353059895833337,1.6260435815340406,2.10206547585287,2.0793099482138406,2.844903983239663
11b,1.175,2.6523958333333337,1.6327571376287322,2.1138837878848076,2.0932139442474513,2.868670592365993
11b,1.1812500000000001,2.6695768229166674,1.639506499355929,2.125765130914249,2.107221867306134,2.8926148477586593
11b,1.1875,2.6868489583333335,1.6462916667156302,2.137709504941194,2.1213339381599834,2.916737126788065
11b,1.19375,2.704212239583334,1.6531126397078368,2.1497169099656426,2.1355503768793422,2.941037805628496
11b,1.2,2.7216666666666667,1.6599694183325484,2.1617873459875945,2.149871402840677,2.965517259268175
