d,r,s,exact_work_ratio,eq6b_ratio,rounding_difference_percent,relative_work_residual
0.3,0.3,0.8,1.0965754694973544,1.0966751918158568,0.009093976773721365,-5.632049939678587e-17
0.3,0.3,1.0,1.1149881173060785,1.1150895140664963,0.009093976773738605,-5.539043610399492e-17
0.3,0.3,1.12,1.126035705991313,1.1261381074168797,0.009093976773717127,5.484699795907926e-17
0.3,0.3,1.4,1.151813412923527,1.1519181585677747,0.009093976773713599,5.361951629960431e-17
0.3,0.5,0.8,1.227509853914949,1.2276214833759589,0.009093976773704085,-5.0312979461128707e-17
0.3,0.5,1.0,1.2786560978280719,1.278772378516624,0.009093976773715663,0.0
0.3,0.5,1.12,1.3093438441759455,1.309462915601023,0.009093976773712,0.0
0.3,0.5,1.4,1.3809485856543173,1.381074168797954,0.009093976773736245,-4.4722648409892186e-17
0.3,0.7,0.8,1.4239114305413407,1.4240409207161124,0.009093976773715314,8.674651631229088e-17
0.3,0.7,1.0,1.5241580686110612,1.5242966751918159,0.009093976773748765,-1.215615611141365e-16
0.3,0.7,1.12,1.584306051452894,1.5844501278772378,0.009093976773727558,0.0
0.3,0.7,1.4,1.724651344750503,1.7248081841432223,0.009093976773726748,-7.161989958879533e-17
0.3,1.0,0.8,1.8412647808724234,1.8414322250639386,0.009093976773716145,0.0
0.3,1.0,1.0,2.0458497565249147,2.0460358056265986,0.00909397677373303,3.018778767667723e-17
0.3,1.0,1.12,2.1686007419164093,2.1687979539641944,0.009093976773743679,-8.543713493399216e-17
0.3,1.0,1.4,2.455019707829898,2.4552429667519178,0.009093976773704085,-5.0312979461128707e-17
0.3,1.2,0.8,2.2013343380208084,2.20153452685422,0.009093976773720763,-2.8055564755276233e-17
0.3,1.2,1.0,2.495936702960396,2.49616368286445,0.009093976773719507,-1.48464529557429e-16
0.3,1.2,1.12,2.6726981219241486,2.672941176470588,0.009093976773725532,-9.243045828743793e-17
0.3,1.2,1.4,3.085141432839571,3.08542199488491,0.00909397677373211,-8.00737073651916e-17
0.4,0.3,0.8,1.1164828736895953,1.1166666666666667,0.016461782030208046,-2.7658139468033776e-17
0.4,0.3,1.0,1.1352297876134874,1.1354166666666667,0.016461782030247903,-1.6320839730127826e-16
0.4,0.3,1.12,1.146477935967823,1.1466666666666667,0.016461782030232446,-1.8854167747831167e-16
0.4,0.3,1.4,1.1727236154612726,1.1729166666666666,0.01646178203021017,5.266345561231298e-17
0.4,0.5,0.8,1.2497942615928306,1.25,0.016461782030204864,4.941587584955367e-17
0.4,0.5,1.0,1.3018690224925318,1.3020833333333335,0.01646178203022192,-9.487848163114307e-17
0.4,0.5,1.12,1.3331138790323525,1.3333333333333335,0.016461782030228186,0.0
0.4,0.5,1.4,1.4060185442919342,1.4062500000000002,0.01646178203023645,-8.785044595476211e-17
0.4,0.7,0.8,1.4497613434476833,1.45,0.016461782030216508,-4.2599892973753177e-17
0.4,0.7,1.0,1.5518278748110976,1.5520833333333335,0.016461782030236346,-1.193940624552975e-16
0.4,0.7,1.12,1.6130677936291464,1.6133333333333333,0.01646178203021676,0.0
0.4,0.7,1.4,1.7559609375379266,1.75625,0.01646178203023117,-3.517144188580333e-17
0.4,1.0,0.8,1.8746913923892459,1.8750000000000002,0.01646178203021671,0.0
0.4,1.0,1.0,2.0829904359880507,2.0833333333333335,0.016461782030226187,-1.4824762754866106e-16
0.4,1.0,1.12,2.2079698621473334,2.2083333333333335,0.01646178203024107,-2.7971250480879443e-17
0.4,1.0,1.4,2.499588523185661,2.5,0.016461782030204864,4.941587584955367e-17
0.4,1.2,0.8,2.2412977091231423,2.2416666666666667,0.01646178203023023,-2.755532110569908e-17
0.4,1.2,1.0,2.541248331905422,2.5416666666666665,0.016461782030197873,0.0
0.4,1.2,1.12,2.7212187055747896,2.7216666666666667,0.016461782030211262,-9.078238061767364e-17
0.4,1.2,1.4,3.1411495774699802,3.1416666666666666,0.0164617820302224,-3.9322978129618316e-17
0.55,0.3,0.8,1.159327777675322,1.1597025016903315,0.03232252536560388,1.5981591899453002e-16
0.55,0.3,1.0,1.178794102300467,1.1791751183231916,0.032322525365615265,1.0478450468632185e-16
0.55,0.3,1.12,1.1904738970755544,1.1908586883029075,0.03232252536560326,1.0375645903714645e-16
0.55,0.3,1.4,1.2177267515507577,1.2181203515889114,0.03232252536560048,5.07171892131842e-17
0.55,0.5,0.8,1.2977549750096888,1.2981744421906694,0.03232252536557476,9.5179258423409e-17
0.55,0.5,1.0,1.3518280989684257,1.352265043948614,0.03232252536558708,4.568604404323632e-17
0.55,0.5,1.12,1.384271973343668,1.3847194050033809,0.032322525365603635,0.0
0.55,0.5,1.4,1.4599743468858997,1.4604462474645032,0.032322525365608985,0.0
0.55,0.7,0.8,1.5053957710112387,1.5058823529411764,0.03232252536560014,4.102554242388319e-17
0.55,0.7,1.0,1.6113790939703634,1.6118999323867478,0.03232252536559061,7.66544363141549e-17
0.55,0.7,1.12,1.674969087745838,1.6755104800540908,0.03232252536560404,3.687213007105204e-17
0.55,0.7,1.4,1.8233457398886121,1.8239350912778904,0.03232252536561143,-6.774324442947262e-17
0.55,1.0,0.8,1.9466324625145333,1.9472616632860043,0.03232252536558616,9.5179258423409e-17
0.55,1.0,1.0,2.162924958349481,2.1636240703177823,0.032322525365595295,5.71075550540454e-17
0.55,1.0,1.12,2.29270045585045,2.2934415145368496,0.032322525365615445,5.387505193777868e-17
0.55,1.0,1.4,2.5955099500193777,2.5963488843813387,0.03232252536557476,9.5179258423409e-17
0.55,1.2,0.8,2.3273072551840417,2.328059499661934,0.03232252536560644,1.5922180777150203e-16
0.55,1.2,1.0,2.638768449186367,2.6396213657876944,0.032322525365586545,0.0
0.55,1.2,1.12,2.825645165587762,2.826558485463151,0.03232252536560186,8.742736536136773e-17
0.55,1.2,1.4,3.261690837191017,3.262745098039216,0.032322525365612614,7.573946293639975e-17
0.7,0.3,0.8,1.2209790028351921,1.2216524216524216,0.055154004750758656,0.0
0.7,0.3,1.0,1.241480515942499,1.2421652421652423,0.05515400475079994,4.9746796083601525e-17
0.7,0.3,1.12,1.2537814238068836,1.2544729344729344,0.05515400475077447,-9.85174559068417e-17
0.7,0.3,1.4,1.282483542157114,1.283190883190883,0.05515400475075734,4.815631237222528e-17
0.7,0.5,0.8,1.366767540487155,1.3675213675213673,0.05515400475076715,-4.5186673109271385e-17
0.7,0.5,1.0,1.4237161880074534,1.4245014245014245,0.055154004750769745,-1.7351682473960213e-16
0.7,0.5,1.12,1.457885376519632,1.4586894586894585,0.05515400475077731,-1.2708751811982578e-16
0.7,0.5,1.4,1.5376134830480495,1.5384615384615385,0.05515400475078881,0.0
0.7,0.7,0.8,1.5854503469650998,1.586324786324786,0.05515400475076995,-7.790805708495067e-17
0.7,0.7,1.0,1.697069696104884,1.698005698005698,0.05515400475079551,-1.4556780598959913e-16
0.7,0.7,1.12,1.764041305588755,1.7650142450142448,0.05515400475076144,-7.002067114039987e-17
0.7,0.7,1.4,1.9203083943844526,1.9213675213675212,0.05515400475079144,-1.2864533269543458e-16
0.7,1.0,0.8,2.0501513107307328,2.051282051282051,0.05515400475076715,-1.2049779495805704e-16
0.7,1.0,1.0,2.277945900811925,2.2792022792022792,0.05515400475079315,-1.6267202319337703e-16
0.7,1.0,1.12,2.414622654860641,2.415954415954416,0.055154004750773276,0.0
0.7,1.0,1.4,2.73353508097431,2.7350427350427347,0.05515400475076715,-4.5186673109271385e-17
0.7,1.2,0.8,2.4510697892736313,2.4524216524216524,0.0551540047507901,-5.0394059229670695e-17
0.7,1.2,1.0,2.779093998990549,2.7806267806267804,0.05515400475076182,0.0
0.7,1.2,1.12,2.975908524820699,2.9775498575498576,0.055154004750786655,-8.301287160307053e-17
0.7,1.2,1.4,3.435142418424383,3.4370370370370367,0.055154004750773186,-1.0787269442531632e-16
0.75,0.3,0.8,1.246612248151503,1.247418181818182,0.06464990760952957,0.0
0.75,0.3,1.0,1.2675441702286734,1.2683636363636364,0.06464990760954224,-4.872388632990523e-17
0.75,0.3,1.12,1.2801033234749761,1.2809309090909091,0.06464990760952186,0.0
0.75,0.3,1.4,1.309408014383015,1.3102545454545453,0.0646499076095324,4.7166106660387823e-17
0.75,0.5,0.8,1.3954614718113838,1.3963636363636363,0.0646499076095158,4.425753008299724e-17
0.75,0.5,1.0,1.4536056998035247,1.4545454545454546,0.06464990760953172,-4.248722887967735e-17
0.75,0.5,1.12,1.4884922365988094,1.4894545454545456,0.06464990760953471,4.149143445280991e-17
0.75,0.5,1.4,1.5698941557878068,1.570909090909091,0.06464990760953172,0.0
0.75,0.7,0.8,1.6187353073012052,1.619781818181818,0.06464990760951361,3.8153043174997624e-17
0.75,0.7,1.0,1.7326979941658014,1.7338181818181817,0.0646499076095266,7.128729677798214e-17
0.75,0.7,1.12,1.8010756062845594,1.8022399999999998,0.06464990760951139,0.0
0.75,0.7,1.4,1.960623367894994,1.9618909090909091,0.0646499076095367,6.300004282277187e-17
0.75,1.0,0.8,2.093192207717076,2.0945454545454547,0.06464990760951049,5.901004011066297e-17
0.75,1.0,1.0,2.32576911968564,2.327272727272727,0.06464990760951261,-5.3109036099596695e-17
0.75,1.0,1.12,2.465315266866778,2.466909090909091,0.06464990760953893,0.0
0.75,1.0,1.4,2.7909229436227676,2.7927272727272725,0.0646499076095158,4.425753008299724e-17
0.75,1.2,0.8,2.502527572781748,2.504145454545455,0.06464990760955018,-9.871568048252174e-17
0.75,1.2,1.0,2.8374383260164806,2.839272727272727,0.06464990760951293,4.35319968029481e-17
0.75,1.2,1.12,3.0383847779573196,3.040349090909091,0.06464990760952377,8.130593401652891e-17
0.75,1.2,1.4,3.507259832485944,3.5095272727272726,0.06464990760953578,-7.043638739999562e-17
