layer,kappa_G_per_m,nu_deg,transverse_analytical_MPa,normal_analytical_MPa
1,0.01,0,0.0,-3.552580173886955
1,0.01,5,1.2215549048966723,-3.5390615337720366
1,0.01,10,2.4338130393720627,-3.4986084984413317
1,0.01,15,3.6275483870413385,-3.431528939919919
1,0.01,20,4.793675901111628,-3.3383333741518917
1,0.01,25,5.923320647073809,-3.2197310756657638
1,0.01,30,7.007885346312964,-3.0766246795670416
1,0.01,35,8.039115806589813,-2.9101033119400403
1,0.01,40,9.009163741427672,-2.7214343009407544
1,0.01,45,9.91064650031147,-2.51205353166435
1,0.01,50,10.736703255115923,-2.2835545181925867
1,0.01,55,11.481047215150268,-2.037676275989459
1,0.01,60,12.13801347343147,-1.7762900869434781
1,0.01,65,12.70260212004694,-1.5013852577825764
1,0.01,70,13.170516294487987,-1.2150539802487457
1,0.01,75,13.538194887352809,-0.919475408255569
1,0.01,80,13.8028396425393,-0.6168990732111365
1,0.01,85,13.962436453663624,-0.3096277637257221
1,0.01,90,14.015770692625928,-2.1753279693325035e-16
1,0.01,95,13.962436453663624,0.30962776372572237
1,0.01,100,13.8028396425393,0.616899073211136
1,0.01,105,13.538194887352809,0.9194754082555692
1,0.01,110,13.170516294487989,1.2150539802487452
1,0.01,115,12.702602120046942,1.5013852577825764
1,0.01,120,12.138013473431476,1.776290086943477
1,0.01,125,11.481047215150268,2.0376762759894596
1,0.01,130,10.736703255115923,2.2835545181925867
1,0.01,135,9.91064650031147,2.5120535316643497
1,0.01,140,9.009163741427676,2.7214343009407544
1,0.01,145,8.039115806589813,2.9101033119400417
1,0.01,150,7.007885346312964,3.0766246795670416
1,0.01,155,5.923320647073809,3.2197310756657638
1,0.01,160,4.793675901111629,3.3383333741518904
1,0.01,165,3.6275483870413434,3.431528939919919
1,0.01,170,2.433813039372062,3.4986084984413317
1,0.01,175,1.2215549048966725,3.5390615337720366
1,0.01,180,1.7164368716307628e-15,3.552580173886955
1,0.01,185,-1.2215549048966692,3.5390615337720366
1,0.01,190,-2.4338130393720645,3.4986084984413317
1,0.01,195,-3.62754838704134,3.431528939919919
1,0.01,200,-4.793675901111627,3.3383333741518917
1,0.01,205,-5.923320647073807,3.2197310756657638
1,0.01,210,-7.007885346312966,3.0766246795670416
1,0.01,215,-8.039115806589814,2.9101033119400403
1,0.01,220,-9.009163741427672,2.7214343009407544
1,0.01,225,-9.91064650031147,2.5120535316643506
1,0.01,230,-10.73670325511592,2.2835545181925867
1,0.01,235,-11.481047215150268,2.0376762759894604
1,0.01,240,-12.138013473431469,1.776290086943479
1,0.01,245,-12.702602120046944,1.5013852577825755
1,0.01,250,-13.170516294487989,1.215053980248745
1,0.01,255,-13.538194887352809,0.9194754082555685
1,0.01,260,-13.8028396425393,0.6168990732111362
1,0.01,265,-13.962436453663624,0.3096277637257224
1,0.01,270,-14.015770692625928,6.52598390799751e-16
1,0.01,275,-13.962436453663624,-0.3096277637257212
1,0.01,280,-13.802839642539302,-0.6168990732111349
1,0.01,285,-13.538194887352809,-0.9194754082555671
1,0.01,290,-13.170516294487987,-1.2150539802487468
1,0.01,295,-12.70260212004694,-1.5013852577825773
1,0.01,300,-12.13801347343147,-1.7762900869434781
1,0.01,305,-11.481047215150268,-2.037676275989459
1,0.01,310,-10.736703255115923,-2.2835545181925854
1,0.01,315,-9.910646500311472,-2.5120535316643493
1,0.01,320,-9.009163741427678,-2.721434300940754
1,0.01,325,-8.039115806589818,-2.91010331194004
1,0.01,330,-7.00788534631297,-3.0766246795670407
1,0.01,335,-5.9233206470738065,-3.2197310756657638
1,0.01,340,-4.793675901111626,-3.3383333741518917
1,0.01,345,-3.6275483870413376,-3.431528939919919
1,0.01,350,-2.4338130393720636,-3.4986084984413317
1,0.01,355,-1.2215549048966745,-3.5390615337720366
1,0.01,360,-3.4328737432615255e-15,-3.552580173886955
1,0.02,0,0.0,-7.10516034777391
1,0.02,5,2.4431098097933446,-7.078123067544073
1,0.02,10,4.8676260787441255,-6.997216996882663
1,0.02,15,7.255096774082677,-6.863057879839838
1,0.02,20,9.587351802223257,-6.676666748303783
1,0.02,25,11.846641294147618,-6.4394621513315276
1,0.02,30,14.015770692625928,-6.153249359134083
1,0.02,35,16.078231613179625,-5.820206623880081
1,0.02,40,18.018327482855344,-5.442868601881509
1,0.02,45,19.82129300062294,-5.0241070633287
1,0.02,50,21.473406510231847,-4.567109036385173
1,0.02,55,22.962094430300535,-4.075352551978918
1,0.02,60,24.27602694686294,-3.5525801738869562
1,0.02,65,25.40520424009388,-3.0027705155651527
1,0.02,70,26.341032588975974,-2.4301079604974913
1,0.02,75,27.076389774705618,-1.838950816511138
1,0.02,80,27.6056792850786,-1.233798146422273
1,0.02,85,27.92487290732725,-0.6192555274514442
1,0.02,90,28.031541385251856,-4.350655938665007e-16
1,0.02,95,27.92487290732725,0.6192555274514447
1,0.02,100,27.6056792850786,1.233798146422272
1,0.02,105,27.076389774705618,1.8389508165111383
1,0.02,110,26.341032588975978,2.4301079604974904
1,0.02,115,25.405204240093884,3.0027705155651527
1,0.02,120,24.276026946862952,3.552580173886954
1,0.02,125,22.962094430300535,4.075352551978919
1,0.02,130,21.473406510231847,4.567109036385173
1,0.02,135,19.82129300062294,5.0241070633286995
1,0.02,140,18.01832748285535,5.442868601881509
1,0.02,145,16.078231613179625,5.820206623880083
1,0.02,150,14.015770692625928,6.153249359134083
1,0.02,155,11.846641294147618,6.4394621513315276
1,0.02,160,9.587351802223258,6.676666748303781
1,0.02,165,7.255096774082687,6.863057879839838
1,0.02,170,4.867626078744124,6.997216996882663
1,0.02,175,2.443109809793345,7.078123067544073
1,0.02,180,3.4328737432615255e-15,7.10516034777391
1,0.02,185,-2.4431098097933384,7.078123067544073
1,0.02,190,-4.867626078744129,6.997216996882663
1,0.02,195,-7.25509677408268,6.863057879839838
1,0.02,200,-9.587351802223253,6.676666748303783
1,0.02,205,-11.846641294147615,6.4394621513315276
1,0.02,210,-14.015770692625932,6.153249359134083
1,0.02,215,-16.07823161317963,5.820206623880081
1,0.02,220,-18.018327482855344,5.442868601881509
1,0.02,225,-19.82129300062294,5.024107063328701
1,0.02,230,-21.47340651023184,4.567109036385173
1,0.02,235,-22.962094430300535,4.075352551978921
1,0.02,240,-24.276026946862938,3.552580173886958
1,0.02,245,-25.405204240093887,3.002770515565151
1,0.02,250,-26.341032588975978,2.43010796049749
1,0.02,255,-27.076389774705618,1.838950816511137
1,0.02,260,-27.6056792850786,1.2337981464222725
1,0.02,265,-27.92487290732725,0.6192555274514449
1,0.02,270,-28.031541385251856,1.305196781599502e-15
1,0.02,275,-27.92487290732725,-0.6192555274514424
1,0.02,280,-27.605679285078605,-1.2337981464222698
1,0.02,285,-27.076389774705618,-1.8389508165111341
1,0.02,290,-26.341032588975974,-2.4301079604974936
1,0.02,295,-25.40520424009388,-3.0027705155651545
1,0.02,300,-24.27602694686294,-3.5525801738869562
1,0.02,305,-22.962094430300535,-4.075352551978918
1,0.02,310,-21.473406510231847,-4.567109036385171
1,0.02,315,-19.821293000622944,-5.024107063328699
1,0.02,320,-18.018327482855355,-5.442868601881508
1,0.02,325,-16.078231613179636,-5.82020662388008
1,0.02,330,-14.01577069262594,-6.153249359134081
1,0.02,335,-11.846641294147613,-6.4394621513315276
1,0.02,340,-9.587351802223251,-6.676666748303783
1,0.02,345,-7.255096774082675,-6.863057879839838
1,0.02,350,-4.867626078744127,-6.997216996882663
1,0.02,355,-2.443109809793349,-7.078123067544073
1,0.02,360,-6.865747486523051e-15,-7.10516034777391
1,0.04,0,0.0,-14.21032069554782
1,0.04,5,4.886219619586689,-14.156246135088146
1,0.04,10,9.735252157488251,-13.994433993765327
1,0.04,15,14.510193548165354,-13.726115759679676
1,0.04,20,19.174703604446513,-13.353333496607567
1,0.04,25,23.693282588295236,-12.878924302663055
1,0.04,30,28.031541385251856,-12.306498718268166
1,0.04,35,32.15646322635925,-11.640413247760161
1,0.04,40,36.03665496571069,-10.885737203763018
1,0.04,45,39.64258600124588,-10.0482141266574
1,0.04,50,42.94681302046369,-9.134218072770347
1,0.04,55,45.92418886060107,-8.150705103957836
1,0.04,60,48.55205389372588,-7.1051603477739125
1,0.04,65,50.81040848018776,-6.0055410311303055
1,0.04,70,52.68206517795195,-4.860215920994983
1,0.04,75,54.152779549411235,-3.677901633022276
1,0.04,80,55.2113585701572,-2.467596292844546
1,0.04,85,55.8497458146545,-1.2385110549028884
1,0.04,90,56.06308277050371,-8.701311877330014e-16
1,0.04,95,55.8497458146545,1.2385110549028895
1,0.04,100,55.2113585701572,2.467596292844544
1,0.04,105,54.152779549411235,3.6779016330222767
1,0.04,110,52.682065177951955,4.860215920994981
1,0.04,115,50.81040848018777,6.0055410311303055
1,0.04,120,48.552053893725905,7.105160347773908
1,0.04,125,45.92418886060107,8.150705103957838
1,0.04,130,42.94681302046369,9.134218072770347
1,0.04,135,39.64258600124588,10.048214126657399
1,0.04,140,36.0366549657107,10.885737203763018
1,0.04,145,32.15646322635925,11.640413247760167
1,0.04,150,28.031541385251856,12.306498718268166
1,0.04,155,23.693282588295236,12.878924302663055
1,0.04,160,19.174703604446517,13.353333496607561
1,0.04,165,14.510193548165374,13.726115759679676
1,0.04,170,9.735252157488247,13.994433993765327
1,0.04,175,4.88621961958669,14.156246135088146
1,0.04,180,6.865747486523051e-15,14.21032069554782
1,0.04,185,-4.886219619586677,14.156246135088146
1,0.04,190,-9.735252157488258,13.994433993765327
1,0.04,195,-14.51019354816536,13.726115759679676
1,0.04,200,-19.174703604446506,13.353333496607567
1,0.04,205,-23.69328258829523,12.878924302663055
1,0.04,210,-28.031541385251863,12.306498718268166
1,0.04,215,-32.15646322635926,11.640413247760161
1,0.04,220,-36.03665496571069,10.885737203763018
1,0.04,225,-39.64258600124588,10.048214126657403
1,0.04,230,-42.94681302046368,9.134218072770347
1,0.04,235,-45.92418886060107,8.150705103957842
1,0.04,240,-48.552053893725876,7.105160347773916
1,0.04,245,-50.810408480187775,6.005541031130302
1,0.04,250,-52.682065177951955,4.86021592099498
1,0.04,255,-54.152779549411235,3.677901633022274
1,0.04,260,-55.2113585701572,2.467596292844545
1,0.04,265,-55.8497458146545,1.2385110549028897
1,0.04,270,-56.06308277050371,2.610393563199004e-15
1,0.04,275,-55.8497458146545,-1.2385110549028848
1,0.04,280,-55.21135857015721,-2.4675962928445396
1,0.04,285,-54.152779549411235,-3.6779016330222682
1,0.04,290,-52.68206517795195,-4.860215920994987
1,0.04,295,-50.81040848018776,-6.005541031130309
1,0.04,300,-48.55205389372588,-7.1051603477739125
1,0.04,305,-45.92418886060107,-8.150705103957836
1,0.04,310,-42.94681302046369,-9.134218072770341
1,0.04,315,-39.64258600124589,-10.048214126657397
1,0.04,320,-36.03665496571071,-10.885737203763016
1,0.04,325,-32.15646322635927,-11.64041324776016
1,0.04,330,-28.03154138525188,-12.306498718268163
1,0.04,335,-23.693282588295226,-12.878924302663055
1,0.04,340,-19.174703604446503,-13.353333496607567
1,0.04,345,-14.51019354816535,-13.726115759679676
1,0.04,350,-9.735252157488254,-13.994433993765327
1,0.04,355,-4.886219619586698,-14.156246135088146
1,0.04,360,-1.3731494973046102e-14,-14.21032069554782
1,0.06,0,0.0,-21.31548104332173
1,0.06,5,7.329329429380034,-21.234369202632216
1,0.06,10,14.602878236232378,-20.991650990647987
1,0.06,15,21.76529032224803,-20.58917363951951
1,0.06,20,28.762055406669766,-20.030000244911346
1,0.06,25,35.53992388244286,-19.318386453994577
1,0.06,30,42.047312077877784,-18.45974807740225
1,0.06,35,48.234694839538875,-17.460619871640244
1,0.06,40,54.05498244856604,-16.32860580564453
1,0.06,45,59.46387900186881,-15.0723211899861
1,0.06,50,64.42021953069553,-13.701327109155516
1,0.06,55,68.8862832909016,-12.226057655936753
1,0.06,60,72.82808084058883,-10.657740521660866
1,0.06,65,76.21561272028164,-9.00831154669546
1,0.06,70,79.0230977669279,-7.2903238814924745
1,0.06,75,81.22916932411684,-5.516852449533412
1,0.06,80,82.8170378552358,-3.701394439266819
1,0.06,85,83.77461872198175,-1.8577665823543323
1,0.06,90,84.09462415575558,-1.305196781599502e-15
1,0.06,95,83.77461872198175,1.8577665823543343
1,0.06,100,82.8170378552358,3.7013944392668163
1,0.06,105,81.22916932411684,5.516852449533415
1,0.06,110,79.02309776692793,7.290323881492473
1,0.06,115,76.21561272028164,9.008311546695458
1,0.06,120,72.82808084058884,10.657740521660859
1,0.06,125,68.88628329090159,12.226057655936756
1,0.06,130,64.42021953069553,13.701327109155516
1,0.06,135,59.46387900186881,15.072321189986098
1,0.06,140,54.05498244856605,16.328605805644525
1,0.06,145,48.23469483953887,17.46061987164025
1,0.06,150,42.047312077877784,18.45974807740225
1,0.06,155,35.53992388244286,19.318386453994577
1,0.06,160,28.762055406669774,20.030000244911342
1,0.06,165,21.765290322248056,20.589173639519508
1,0.06,170,14.602878236232371,20.991650990647987
1,0.06,175,7.329329429380036,21.234369202632216
1,0.06,180,1.0298621229784578e-14,21.31548104332173
1,0.06,185,-7.329329429380015,21.234369202632216
1,0.06,190,-14.602878236232385,20.991650990647987
1,0.06,195,-21.76529032224804,20.58917363951951
1,0.06,200,-28.762055406669763,20.030000244911346
1,0.06,205,-35.53992388244284,19.318386453994577
1,0.06,210,-42.0473120778778,18.459748077402246
1,0.06,215,-48.23469483953888,17.460619871640244
1,0.06,220,-54.05498244856604,16.32860580564453
1,0.06,225,-59.4638790018688,15.072321189986102
1,0.06,230,-64.42021953069553,13.70132710915552
1,0.06,235,-68.88628329090159,12.22605765593676
1,0.06,240,-72.82808084058883,10.657740521660873
1,0.06,245,-76.21561272028164,9.008311546695454
1,0.06,250,-79.02309776692793,7.290323881492468
1,0.06,255,-81.22916932411684,5.51685244953341
1,0.06,260,-82.8170378552358,3.701394439266817
1,0.06,265,-83.77461872198175,1.8577665823543346
1,0.06,270,-84.09462415575558,3.915590344798506e-15
1,0.06,275,-83.77461872198175,-1.8577665823543272
1,0.06,280,-82.81703785523581,-3.701394439266809
1,0.06,285,-81.22916932411684,-5.516852449533403
1,0.06,290,-79.0230977669279,-7.290323881492478
1,0.06,295,-76.21561272028163,-9.008311546695463
1,0.06,300,-72.82808084058883,-10.657740521660866
1,0.06,305,-68.8862832909016,-12.226057655936753
1,0.06,310,-64.42021953069553,-13.701327109155516
1,0.06,315,-59.46387900186882,-15.072321189986095
1,0.06,320,-54.05498244856606,-16.32860580564452
1,0.06,325,-48.23469483953891,-17.460619871640244
1,0.06,330,-42.04731207787782,-18.459748077402242
1,0.06,335,-35.539923882442835,-19.318386453994577
1,0.06,340,-28.762055406669756,-20.030000244911346
1,0.06,345,-21.765290322248028,-20.58917363951951
1,0.06,350,-14.60287823623238,-20.991650990647987
1,0.06,355,-7.329329429380047,-21.234369202632216
1,0.06,360,-2.0597242459569155e-14,-21.31548104332173
1,0.08,0,0.0,-28.42064139109564
1,0.08,5,9.772439239173378,-28.312492270176293
1,0.08,10,19.470504314976502,-27.988867987530654
1,0.08,15,29.02038709633071,-27.45223151935935
1,0.08,20,38.34940720889303,-26.706666993215133
1,0.08,25,47.38656517659047,-25.75784860532611
1,0.08,30,56.06308277050371,-24.612997436536332
1,0.08,35,64.3129264527185,-23.280826495520323
1,0.08,40,72.07330993142138,-21.771474407526036
1,0.08,45,79.28517200249176,-20.0964282533148
1,0.08,50,85.89362604092739,-18.268436145540694
1,0.08,55,91.84837772120214,-16.301410207915673
1,0.08,60,97.10410778745177,-14.210320695547825
1,0.08,65,101.62081696037552,-12.011082062260611
1,0.08,70,105.3641303559039,-9.720431841989965
1,0.08,75,108.30555909882247,-7.355803266044552
1,0.08,80,110.4227171403144,-4.935192585689092
1,0.08,85,111.699491629309,-2.4770221098057768
1,0.08,90,112.12616554100742,-1.7402623754660028e-15
1,0.08,95,111.699491629309,2.477022109805779
1,0.08,100,110.4227171403144,4.935192585689088
1,0.08,105,108.30555909882247,7.355803266044553
1,0.08,110,105.36413035590391,9.720431841989962
1,0.08,115,101.62081696037554,12.011082062260611
1,0.08,120,97.10410778745181,14.210320695547816
1,0.08,125,91.84837772120214,16.301410207915676
1,0.08,130,85.89362604092739,18.268436145540694
1,0.08,135,79.28517200249176,20.096428253314798
1,0.08,140,72.0733099314214,21.771474407526036
1,0.08,145,64.3129264527185,23.280826495520333
1,0.08,150,56.06308277050371,24.612997436536332
1,0.08,155,47.38656517659047,25.75784860532611
1,0.08,160,38.349407208893034,26.706666993215123
1,0.08,165,29.020387096330747,27.45223151935935
1,0.08,170,19.470504314976495,27.988867987530654
1,0.08,175,9.77243923917338,28.312492270176293
1,0.08,180,1.3731494973046102e-14,28.42064139109564
1,0.08,185,-9.772439239173353,28.312492270176293
1,0.08,190,-19.470504314976516,27.988867987530654
1,0.08,195,-29.02038709633072,27.45223151935935
1,0.08,200,-38.34940720889301,26.706666993215133
1,0.08,205,-47.38656517659046,25.75784860532611
1,0.08,210,-56.063082770503726,24.612997436536332
1,0.08,215,-64.31292645271851,23.280826495520323
1,0.08,220,-72.07330993142138,21.771474407526036
1,0.08,225,-79.28517200249176,20.096428253314805
1,0.08,230,-85.89362604092736,18.268436145540694
1,0.08,235,-91.84837772120214,16.301410207915684
1,0.08,240,-97.10410778745175,14.210320695547832
1,0.08,245,-101.62081696037555,12.011082062260604
1,0.08,250,-105.36413035590391,9.72043184198996
1,0.08,255,-108.30555909882247,7.355803266044548
1,0.08,260,-110.4227171403144,4.93519258568909
1,0.08,265,-111.699491629309,2.4770221098057794
1,0.08,270,-112.12616554100742,5.220787126398008e-15
1,0.08,275,-111.699491629309,-2.4770221098057696
1,0.08,280,-110.42271714031442,-4.935192585689079
1,0.08,285,-108.30555909882247,-7.3558032660445365
1,0.08,290,-105.3641303559039,-9.720431841989974
1,0.08,295,-101.62081696037552,-12.011082062260618
1,0.08,300,-97.10410778745177,-14.210320695547825
1,0.08,305,-91.84837772120214,-16.301410207915673
1,0.08,310,-85.89362604092739,-18.268436145540683
1,0.08,315,-79.28517200249178,-20.096428253314794
1,0.08,320,-72.07330993142142,-21.771474407526032
1,0.08,325,-64.31292645271854,-23.28082649552032
1,0.08,330,-56.06308277050376,-24.612997436536325
1,0.08,335,-47.38656517659045,-25.75784860532611
1,0.08,340,-38.349407208893005,-26.706666993215133
1,0.08,345,-29.0203870963307,-27.45223151935935
1,0.08,350,-19.47050431497651,-27.988867987530654
1,0.08,355,-9.772439239173396,-28.312492270176293
1,0.08,360,-2.7462989946092204e-14,-28.42064139109564
1,0.1,0,0.0,-35.525801738869546
1,0.1,5,12.215549048966723,-35.39061533772036
1,0.1,10,24.338130393720625,-34.98608498441331
1,0.1,15,36.27548387041339,-34.31528939919919
1,0.1,20,47.93675901111627,-33.38333374151892
1,0.1,25,59.23320647073809,-32.197310756657636
1,0.1,30,70.07885346312962,-30.76624679567042
1,0.1,35,80.39115806589813,-29.101033119400412
1,0.1,40,90.09163741427672,-27.21434300940755
1,0.1,45,99.1064650031147,-25.120535316643505
1,0.1,50,107.36703255115923,-22.83554518192586
1,0.1,55,114.81047215150268,-20.37676275989459
1,0.1,60,121.38013473431471,-17.762900869434777
1,0.1,65,127.0260212004694,-15.013852577825766
1,0.1,70,131.70516294487985,-12.15053980248746
1,0.1,75,135.3819488735281,-9.194754082555688
1,0.1,80,138.028396425393,-6.168990732111365
1,0.1,85,139.62436453663625,-3.0962776372572205
1,0.1,90,140.15770692625932,-2.175327969332503e-15
1,0.1,95,139.62436453663625,3.0962776372572245
1,0.1,100,138.028396425393,6.168990732111361
1,0.1,105,135.3819488735281,9.194754082555693
1,0.1,110,131.7051629448799,12.150539802487454
1,0.1,115,127.02602120046943,15.013852577825764
1,0.1,120,121.38013473431474,17.762900869434766
1,0.1,125,114.81047215150267,20.376762759894593
1,0.1,130,107.36703255115923,22.83554518192586
1,0.1,135,99.1064650031147,25.1205353166435
1,0.1,140,90.09163741427676,27.214343009407546
1,0.1,145,80.39115806589813,29.101033119400416
1,0.1,150,70.07885346312962,30.76624679567042
1,0.1,155,59.233206470738104,32.197310756657636
1,0.1,160,47.9367590111163,33.3833337415189
1,0.1,165,36.27548387041343,34.31528939919919
1,0.1,170,24.338130393720622,34.98608498441331
1,0.1,175,12.215549048966727,35.39061533772036
1,0.1,180,1.7164368716307628e-14,35.525801738869546
1,0.1,185,-12.215549048966691,35.39061533772036
1,0.1,190,-24.338130393720647,34.98608498441331
1,0.1,195,-36.275483870413396,34.31528939919919
1,0.1,200,-47.936759011116266,33.38333374151892
1,0.1,205,-59.23320647073807,32.197310756657636
1,0.1,210,-70.07885346312968,30.76624679567041
1,0.1,215,-80.39115806589815,29.101033119400412
1,0.1,220,-90.09163741427672,27.21434300940755
1,0.1,225,-99.1064650031147,25.120535316643505
1,0.1,230,-107.3670325511592,22.83554518192587
1,0.1,235,-114.81047215150267,20.376762759894604
1,0.1,240,-121.38013473431471,17.762900869434787
1,0.1,245,-127.02602120046943,15.013852577825759
1,0.1,250,-131.7051629448799,12.15053980248745
1,0.1,255,-135.3819488735281,9.194754082555683
1,0.1,260,-138.028396425393,6.168990732111363
1,0.1,265,-139.62436453663625,3.096277637257225
1,0.1,270,-140.15770692625932,6.52598390799751e-15
1,0.1,275,-139.62436453663625,-3.096277637257212
1,0.1,280,-138.02839642539303,-6.168990732111348
1,0.1,285,-135.3819488735281,-9.194754082555672
1,0.1,290,-131.70516294487985,-12.150539802487465
1,0.1,295,-127.0260212004694,-15.013852577825773
1,0.1,300,-121.38013473431471,-17.762900869434777
1,0.1,305,-114.81047215150268,-20.37676275989459
1,0.1,310,-107.36703255115924,-22.83554518192586
1,0.1,315,-99.10646500311474,-25.12053531664349
1,0.1,320,-90.09163741427676,-27.214343009407536
1,0.1,325,-80.3911580658982,-29.10103311940041
1,0.1,330,-70.07885346312972,-30.76624679567041
1,0.1,335,-59.23320647073807,-32.197310756657636
1,0.1,340,-47.936759011116266,-33.38333374151892
1,0.1,345,-36.27548387041339,-34.31528939919919
1,0.1,350,-24.338130393720633,-34.98608498441331
1,0.1,355,-12.215549048966743,-35.39061533772036
1,0.1,360,-3.4328737432615256e-14,-35.525801738869546
2,0.01,0,0.0,-3.5489693335445494
2,0.01,5,1.2216781182886294,-3.535464433767276
2,0.01,10,2.434058528427666,-3.4950525148772407
2,0.01,15,3.6279142834406453,-3.4280411359785834
2,0.01,20,4.794159420162103,-3.3349402941272968
2,0.01,25,5.923918108903523,-3.2164585429456958
2,0.01,30,7.008592203876634,-3.0734976001015086
2,0.01,35,8.03992668027457,-2.907145484691959
2,0.01,40,9.010072459995156,-2.7186682367614647
2,0.01,45,9.911646147864682,-2.5095002819724535
2,0.01,50,10.737786223733377,-2.281233514759932
2,0.01,55,11.482205262786875,-2.03560518305363
2,0.01,60,12.139237786645465,-1.774484666772275
2,0.01,65,12.703883381075503,-1.4998592507136461
2,0.01,70,13.171844752161043,-1.2138190001173101
2,0.01,75,13.539560431305322,-0.9185408540061298
2,0.01,80,13.80423188015726,-0.6162720573658316
2,0.01,85,13.963844789178097,-0.3093130582537365
2,0.01,90,14.017184407753273,-2.1731169672987239e-16
2,0.01,95,13.963844789178097,0.3093130582537369
2,0.01,100,13.80423188015726,0.6162720573658312
2,0.01,105,13.539560431305322,0.9185408540061303
2,0.01,110,13.171844752161046,1.2138190001173097
2,0.01,115,12.703883381075507,1.4998592507136455
2,0.01,120,12.139237786645468,1.7744846667722738
2,0.01,125,11.482205262786872,2.03560518305363
2,0.01,130,10.737786223733377,2.281233514759932
2,0.01,135,9.911646147864682,2.509500281972453
2,0.01,140,9.010072459995156,2.7186682367614647
2,0.01,145,8.039926680274569,2.907145484691959
2,0.01,150,7.008592203876634,3.0734976001015086
2,0.01,155,5.923918108903526,3.2164585429456958
2,0.01,160,4.794159420162106,3.3349402941272963
2,0.01,165,3.6279142834406493,3.428041135978583
2,0.01,170,2.434058528427665,3.4950525148772407
2,0.01,175,1.2216781182886298,3.535464433767276
2,0.01,180,1.7166100018013234e-15,3.5489693335445494
2,0.01,185,-1.2216781182886265,3.535464433767276
2,0.01,190,-2.434058528427668,3.4950525148772407
2,0.01,195,-3.6279142834406457,3.4280411359785834
2,0.01,200,-4.794159420162102,3.3349402941272968
2,0.01,205,-5.923918108903521,3.2164585429456958
2,0.01,210,-7.008592203876638,3.0734976001015086
2,0.01,215,-8.039926680274572,2.907145484691959
2,0.01,220,-9.010072459995156,2.7186682367614647
2,0.01,225,-9.911646147864676,2.509500281972454
2,0.01,230,-10.737786223733377,2.2812335147599323
2,0.01,235,-11.48220526278687,2.035605183053631
2,0.01,240,-12.139237786645465,1.7744846667722762
2,0.01,245,-12.703883381075508,1.499859250713645
2,0.01,250,-13.171844752161046,1.2138190001173093
2,0.01,255,-13.539560431305322,0.9185408540061293
2,0.01,260,-13.80423188015726,0.6162720573658313
2,0.01,265,-13.963844789178097,0.30931305825373695
2,0.01,270,-14.017184407753273,6.519350901896172e-16
2,0.01,275,-13.963844789178097,-0.3093130582537356
2,0.01,280,-13.80423188015726,-0.61627205736583
2,0.01,285,-13.539560431305329,-0.9185408540061282
2,0.01,290,-13.171844752161043,-1.2138190001173108
2,0.01,295,-12.703883381075503,-1.4998592507136466
2,0.01,300,-12.139237786645465,-1.774484666772275
2,0.01,305,-11.482205262786875,-2.03560518305363
2,0.01,310,-10.73778622373338,-2.2812335147599314
2,0.01,315,-9.911646147864683,-2.5095002819724526
2,0.01,320,-9.01007245999516,-2.7186682367614647
2,0.01,325,-8.039926680274576,-2.9071454846919575
2,0.01,330,-7.008592203876644,-3.0734976001015077
2,0.01,335,-5.92391810890352,-3.2164585429456958
2,0.01,340,-4.794159420162102,-3.3349402941272968
2,0.01,345,-3.627914283440644,-3.4280411359785834
2,0.01,350,-2.434058528427667,-3.4950525148772407
2,0.01,355,-1.2216781182886316,-3.535464433767276
2,0.01,360,-3.4332200036026467e-15,-3.5489693335445494
2,0.02,0,0.0,-7.097938667089099
2,0.02,5,2.4433562365772588,-7.070928867534552
2,0.02,10,4.868117056855332,-6.990105029754481
2,0.02,15,7.2558285668812905,-6.856082271957167
2,0.02,20,9.588318840324206,-6.6698805882545935
2,0.02,25,11.847836217807046,-6.4329170858913916
2,0.02,30,14.017184407753268,-6.146995200203017
2,0.02,35,16.07985336054914,-5.814290969383918
2,0.02,40,18.02014491999031,-5.4373364735229295
2,0.02,45,19.823292295729363,-5.019000563944907
2,0.02,50,21.475572447466753,-4.562467029519864
2,0.02,55,22.96441052557375,-4.07121036610726
2,0.02,60,24.27847557329093,-3.54896933354455
2,0.02,65,25.407766762151006,-2.9997185014272922
2,0.02,70,26.343689504322086,-2.4276380002346203
2,0.02,75,27.079120862610644,-1.8370817080122597
2,0.02,80,27.60846376031452,-1.2325441147316631
2,0.02,85,27.927689578356194,-0.618626116507473
2,0.02,90,28.034368815506546,-4.3462339345974477e-16
2,0.02,95,27.927689578356194,0.6186261165074738
2,0.02,100,27.60846376031452,1.2325441147316625
2,0.02,105,27.079120862610644,1.8370817080122606
2,0.02,110,26.343689504322093,2.4276380002346194
2,0.02,115,25.407766762151013,2.999718501427291
2,0.02,120,24.278475573290937,3.5489693335445476
2,0.02,125,22.964410525573744,4.07121036610726
2,0.02,130,21.475572447466753,4.562467029519864
2,0.02,135,19.823292295729363,5.019000563944906
2,0.02,140,18.02014491999031,5.4373364735229295
2,0.02,145,16.079853360549137,5.814290969383918
2,0.02,150,14.017184407753268,6.146995200203017
2,0.02,155,11.847836217807052,6.4329170858913916
2,0.02,160,9.588318840324211,6.669880588254593
2,0.02,165,7.2558285668812985,6.856082271957166
2,0.02,170,4.86811705685533,6.990105029754481
2,0.02,175,2.4433562365772596,7.070928867534552
2,0.02,180,3.4332200036026467e-15,7.097938667089099
2,0.02,185,-2.443356236577253,7.070928867534552
2,0.02,190,-4.868117056855336,6.990105029754481
2,0.02,195,-7.255828566881291,6.856082271957167
2,0.02,200,-9.588318840324204,6.6698805882545935
2,0.02,205,-11.847836217807043,6.4329170858913916
2,0.02,210,-14.017184407753277,6.146995200203017
2,0.02,215,-16.079853360549144,5.814290969383918
2,0.02,220,-18.02014491999031,5.4373364735229295
2,0.02,225,-19.823292295729352,5.019000563944908
2,0.02,230,-21.475572447466753,4.562467029519865
2,0.02,235,-22.96441052557374,4.071210366107262
2,0.02,240,-24.27847557329093,3.5489693335445525
2,0.02,245,-25.407766762151017,2.99971850142729
2,0.02,250,-26.343689504322093,2.4276380002346185
2,0.02,255,-27.079120862610644,1.8370817080122586
2,0.02,260,-27.60846376031452,1.2325441147316627
2,0.02,265,-27.927689578356194,0.6186261165074739
2,0.02,270,-28.034368815506546,1.3038701803792344e-15
2,0.02,275,-27.927689578356194,-0.6186261165074712
2,0.02,280,-27.60846376031452,-1.23254411473166
2,0.02,285,-27.079120862610658,-1.8370817080122563
2,0.02,290,-26.343689504322086,-2.4276380002346216
2,0.02,295,-25.407766762151006,-2.999718501427293
2,0.02,300,-24.27847557329093,-3.54896933354455
2,0.02,305,-22.96441052557375,-4.07121036610726
2,0.02,310,-21.47557244746676,-4.562467029519863
2,0.02,315,-19.823292295729367,-5.019000563944905
2,0.02,320,-18.02014491999032,-5.4373364735229295
2,0.02,325,-16.07985336054915,-5.814290969383915
2,0.02,330,-14.017184407753287,-6.1469952002030155
2,0.02,335,-11.84783621780704,-6.4329170858913916
2,0.02,340,-9.588318840324204,-6.6698805882545935
2,0.02,345,-7.255828566881288,-6.856082271957167
2,0.02,350,-4.868117056855334,-6.990105029754481
2,0.02,355,-2.443356236577263,-7.070928867534552
2,0.02,360,-6.8664400072052934e-15,-7.097938667089099
2,0.04,0,0.0,-14.195877334178197
2,0.04,5,4.8867124731545175,-14.141857735069104
2,0.04,10,9.736234113710664,-13.980210059508963
2,0.04,15,14.511657133762581,-13.712164543914334
2,0.04,20,19.176637680648412,-13.339761176509187
2,0.04,25,23.695672435614092,-12.865834171782783
2,0.04,30,28.034368815506536,-12.293990400406035
2,0.04,35,32.15970672109828,-11.628581938767836
2,0.04,40,36.04028983998062,-10.874672947045859
2,0.04,45,39.646584591458726,-10.038001127889814
2,0.04,50,42.951144894933506,-9.124934059039727
2,0.04,55,45.9288210511475,-8.14242073221452
2,0.04,60,48.55695114658186,-7.0979386670891
2,0.04,65,50.81553352430201,-5.9994370028545845
2,0.04,70,52.68737900864417,-4.855276000469241
2,0.04,75,54.15824172522129,-3.6741634160245193
2,0.04,80,55.21692752062904,-2.4650882294633263
2,0.04,85,55.85537915671239,-1.237252233014946
2,0.04,90,56.06873763101309,-8.692467869194895e-16
2,0.04,95,55.85537915671239,1.2372522330149476
2,0.04,100,55.21692752062904,2.465088229463325
2,0.04,105,54.15824172522129,3.674163416024521
2,0.04,110,52.687379008644186,4.855276000469239
2,0.04,115,50.815533524302026,5.999437002854582
2,0.04,120,48.55695114658187,7.097938667089095
2,0.04,125,45.92882105114749,8.14242073221452
2,0.04,130,42.951144894933506,9.124934059039727
2,0.04,135,39.646584591458726,10.038001127889812
2,0.04,140,36.04028983998062,10.874672947045859
2,0.04,145,32.159706721098274,11.628581938767836
2,0.04,150,28.034368815506536,12.293990400406035
2,0.04,155,23.695672435614103,12.865834171782783
2,0.04,160,19.176637680648422,13.339761176509185
2,0.04,165,14.511657133762597,13.712164543914332
2,0.04,170,9.73623411371066,13.980210059508963
2,0.04,175,4.886712473154519,14.141857735069104
2,0.04,180,6.8664400072052934e-15,14.195877334178197
2,0.04,185,-4.886712473154506,14.141857735069104
2,0.04,190,-9.736234113710672,13.980210059508963
2,0.04,195,-14.511657133762583,13.712164543914334
2,0.04,200,-19.17663768064841,13.339761176509187
2,0.04,205,-23.695672435614085,12.865834171782783
2,0.04,210,-28.034368815506554,12.293990400406035
2,0.04,215,-32.15970672109829,11.628581938767836
2,0.04,220,-36.04028983998062,10.874672947045859
2,0.04,225,-39.646584591458705,10.038001127889816
2,0.04,230,-42.951144894933506,9.12493405903973
2,0.04,235,-45.92882105114748,8.142420732214523
2,0.04,240,-48.55695114658186,7.097938667089105
2,0.04,245,-50.81553352430203,5.99943700285458
2,0.04,250,-52.687379008644186,4.855276000469237
2,0.04,255,-54.15824172522129,3.674163416024517
2,0.04,260,-55.21692752062904,2.4650882294633254
2,0.04,265,-55.85537915671239,1.2372522330149478
2,0.04,270,-56.06873763101309,2.607740360758469e-15
2,0.04,275,-55.85537915671239,-1.2372522330149425
2,0.04,280,-55.21692752062904,-2.46508822946332
2,0.04,285,-54.158241725221316,-3.6741634160245127
2,0.04,290,-52.68737900864417,-4.855276000469243
2,0.04,295,-50.81553352430201,-5.999437002854586
2,0.04,300,-48.55695114658186,-7.0979386670891
2,0.04,305,-45.9288210511475,-8.14242073221452
2,0.04,310,-42.95114489493352,-9.124934059039726
2,0.04,315,-39.64658459145873,-10.03800112788981
2,0.04,320,-36.04028983998064,-10.874672947045859
2,0.04,325,-32.1597067210983,-11.62858193876783
2,0.04,330,-28.034368815506575,-12.293990400406031
2,0.04,335,-23.69567243561408,-12.865834171782783
2,0.04,340,-19.17663768064841,-13.339761176509187
2,0.04,345,-14.511657133762576,-13.712164543914334
2,0.04,350,-9.736234113710667,-13.980210059508963
2,0.04,355,-4.886712473154526,-14.141857735069104
2,0.04,360,-1.3732880014410587e-14,-14.195877334178197
2,0.06,0,0.0,-21.2938160012673
2,0.06,5,7.330068709731777,-21.21278660260366
2,0.06,10,14.604351170565996,-20.970315089263444
2,0.06,15,21.76748570064387,-20.568246815871497
2,0.06,20,28.764956520972618,-20.009641764763778
2,0.06,25,35.54350865342114,-19.29875125767417
2,0.06,30,42.051553223259816,-18.44098560060905
2,0.06,35,48.239560081647426,-17.44287290815175
2,0.06,40,54.06043475997093,-16.31200942056879
2,0.06,45,59.46987688718808,-15.05700169183472
2,0.06,50,64.42671734240027,-13.687401088559591
2,0.06,55,68.89323157672123,-12.213631098321779
2,0.06,60,72.83542671987279,-10.64690800063365
2,0.06,65,76.22330028645302,-8.999155504281877
2,0.06,70,79.03106851296626,-7.282914000703861
2,0.06,75,81.23736258783194,-5.511245124036779
2,0.06,80,82.82539128094356,-3.697632344194989
2,0.06,85,83.78306873506855,-1.8558783495224191
2,0.06,90,84.10310644651963,-1.3038701803792342e-15
2,0.06,95,83.78306873506855,1.8558783495224211
2,0.06,100,82.82539128094356,3.6976323441949868
2,0.06,105,81.23736258783194,5.511245124036781
2,0.06,110,79.03106851296626,7.282914000703858
2,0.06,115,76.22330028645304,8.999155504281875
2,0.06,120,72.8354267198728,10.646908000633642
2,0.06,125,68.89323157672123,12.213631098321779
2,0.06,130,64.42671734240027,13.687401088559591
2,0.06,135,59.46987688718808,15.057001691834717
2,0.06,140,54.06043475997094,16.31200942056879
2,0.06,145,48.23956008164742,17.44287290815175
2,0.06,150,42.051553223259816,18.44098560060905
2,0.06,155,35.54350865342115,19.29875125767417
2,0.06,160,28.764956520972635,20.00964176476377
2,0.06,165,21.76748570064389,20.568246815871497
2,0.06,170,14.604351170565991,20.970315089263444
2,0.06,175,7.330068709731779,21.21278660260366
2,0.06,180,1.029966001080794e-14,21.2938160012673
2,0.06,185,-7.330068709731757,21.21278660260366
2,0.06,190,-14.604351170566005,20.970315089263444
2,0.06,195,-21.767485700643874,20.568246815871497
2,0.06,200,-28.76495652097261,20.009641764763778
2,0.06,205,-35.54350865342113,19.29875125767417
2,0.06,210,-42.05155322325982,18.44098560060905
2,0.06,215,-48.23956008164743,17.44287290815175
2,0.06,220,-54.06043475997093,16.31200942056879
2,0.06,225,-59.46987688718807,15.057001691834722
2,0.06,230,-64.42671734240025,13.687401088559593
2,0.06,235,-68.89323157672122,12.213631098321786
2,0.06,240,-72.83542671987277,10.646908000633656
2,0.06,245,-76.22330028645304,8.999155504281871
2,0.06,250,-79.03106851296626,7.282914000703855
2,0.06,255,-81.23736258783194,5.511245124036776
2,0.06,260,-82.82539128094356,3.697632344194987
2,0.06,265,-83.78306873506855,1.8558783495224214
2,0.06,270,-84.10310644651963,3.9116105411377035e-15
2,0.06,275,-83.78306873506855,-1.8558783495224138
2,0.06,280,-82.82539128094356,-3.6976323441949805
2,0.06,285,-81.23736258783197,-5.511245124036768
2,0.06,290,-79.03106851296626,-7.2829140007038635
2,0.06,295,-76.22330028645301,-8.99915550428188
2,0.06,300,-72.83542671987279,-10.64690800063365
2,0.06,305,-68.89323157672123,-12.213631098321779
2,0.06,310,-64.42671734240027,-13.687401088559586
2,0.06,315,-59.46987688718809,-15.057001691834714
2,0.06,320,-54.06043475997095,-16.31200942056878
2,0.06,325,-48.239560081647454,-17.44287290815174
2,0.06,330,-42.05155322325985,-18.440985600609043
2,0.06,335,-35.54350865342113,-19.29875125767417
2,0.06,340,-28.76495652097261,-20.009641764763778
2,0.06,345,-21.767485700643867,-20.568246815871497
2,0.06,350,-14.604351170566,-20.970315089263444
2,0.06,355,-7.33006870973179,-21.21278660260366
2,0.06,360,-2.059932002161588e-14,-21.2938160012673
2,0.08,0,0.0,-28.391754668356395
2,0.08,5,9.773424946309035,-28.28371547013821
2,0.08,10,19.472468227421327,-27.960420119017925
2,0.08,15,29.023314267525162,-27.424329087828667
2,0.08,20,38.353275361296824,-26.679522353018374
2,0.08,25,47.391344871228185,-25.731668343565566
2,0.08,30,56.06873763101307,-24.58798080081207
2,0.08,35,64.31941344219656,-23.25716387753567
2,0.08,40,72.08057967996125,-21.749345894091718
2,0.08,45,79.29316918291745,-20.076002255779628
2,0.08,50,85.90228978986701,-18.249868118079455
2,0.08,55,91.857642102295,-16.28484146442904
2,0.08,60,97.11390229316372,-14.1958773341782
2,0.08,65,101.63106704860402,-11.998874005709169
2,0.08,70,105.37475801728834,-9.710552000938481
2,0.08,75,108.31648345044258,-7.348326832049039
2,0.08,80,110.43385504125808,-4.930176458926653
2,0.08,85,111.71075831342478,-2.474504466029892
2,0.08,90,112.13747526202619,-1.738493573838979e-15
2,0.08,95,111.71075831342478,2.474504466029895
2,0.08,100,110.43385504125808,4.93017645892665
2,0.08,105,108.31648345044258,7.348326832049042
2,0.08,110,105.37475801728837,9.710552000938478
2,0.08,115,101.63106704860405,11.998874005709164
2,0.08,120,97.11390229316375,14.19587733417819
2,0.08,125,91.85764210229497,16.28484146442904
2,0.08,130,85.90228978986701,18.249868118079455
2,0.08,135,79.29316918291745,20.076002255779624
2,0.08,140,72.08057967996125,21.749345894091718
2,0.08,145,64.31941344219655,23.25716387753567
2,0.08,150,56.06873763101307,24.58798080081207
2,0.08,155,47.391344871228206,25.731668343565566
2,0.08,160,38.353275361296845,26.67952235301837
2,0.08,165,29.023314267525194,27.424329087828664
2,0.08,170,19.47246822742132,27.960420119017925
2,0.08,175,9.773424946309039,28.28371547013821
2,0.08,180,1.3732880014410587e-14,28.391754668356395
2,0.08,185,-9.773424946309012,28.28371547013821
2,0.08,190,-19.472468227421345,27.960420119017925
2,0.08,195,-29.023314267525166,27.424329087828667
2,0.08,200,-38.35327536129682,26.679522353018374
2,0.08,205,-47.39134487122817,25.731668343565566
2,0.08,210,-56.06873763101311,24.58798080081207
2,0.08,215,-64.31941344219658,23.25716387753567
2,0.08,220,-72.08057967996125,21.749345894091718
2,0.08,225,-79.29316918291741,20.07600225577963
2,0.08,230,-85.90228978986701,18.24986811807946
2,0.08,235,-91.85764210229496,16.284841464429046
2,0.08,240,-97.11390229316372,14.19587733417821
2,0.08,245,-101.63106704860407,11.99887400570916
2,0.08,250,-105.37475801728837,9.710552000938474
2,0.08,255,-108.31648345044258,7.348326832049034
2,0.08,260,-110.43385504125808,4.930176458926651
2,0.08,265,-111.71075831342478,2.4745044660298956
2,0.08,270,-112.13747526202619,5.215480721516938e-15
2,0.08,275,-111.71075831342478,-2.474504466029885
2,0.08,280,-110.43385504125808,-4.93017645892664
2,0.08,285,-108.31648345044263,-7.348326832049025
2,0.08,290,-105.37475801728834,-9.710552000938486
2,0.08,295,-101.63106704860402,-11.998874005709173
2,0.08,300,-97.11390229316372,-14.1958773341782
2,0.08,305,-91.857642102295,-16.28484146442904
2,0.08,310,-85.90228978986704,-18.24986811807945
2,0.08,315,-79.29316918291747,-20.07600225577962
2,0.08,320,-72.08057967996128,-21.749345894091718
2,0.08,325,-64.3194134421966,-23.25716387753566
2,0.08,330,-56.06873763101315,-24.587980800812062
2,0.08,335,-47.39134487122816,-25.731668343565566
2,0.08,340,-38.35327536129682,-26.679522353018374
2,0.08,345,-29.02331426752515,-27.424329087828667
2,0.08,350,-19.472468227421334,-27.960420119017925
2,0.08,355,-9.773424946309053,-28.28371547013821
2,0.08,360,-2.7465760028821174e-14,-28.391754668356395
2,0.1,0,0.0,-35.489693335445494
2,0.1,5,12.216781182886296,-35.35464433767276
2,0.1,10,24.340585284276663,-34.950525148772414
2,0.1,15,36.27914283440645,-34.28041135978583
2,0.1,20,47.94159420162104,-33.34940294127296
2,0.1,25,59.23918108903524,-32.164585429456956
2,0.1,30,70.08592203876636,-30.734976001015085
2,0.1,35,80.3992668027457,-29.07145484691959
2,0.1,40,90.10072459995156,-27.186682367614655
2,0.1,45,99.11646147864681,-25.095002819724538
2,0.1,50,107.37786223733377,-22.81233514759932
2,0.1,55,114.82205262786876,-20.3560518305363
2,0.1,60,121.39237786645467,-17.74484666772275
2,0.1,65,127.03883381075508,-14.998592507136463
2,0.1,70,131.71844752161044,-12.138190001173104
2,0.1,75,135.39560431305324,-9.1854085400613
2,0.1,80,138.04231880157263,-6.162720573658316
2,0.1,85,139.63844789178097,-3.093130582537365
2,0.1,90,140.17184407753274,-2.173116967298724e-15
2,0.1,95,139.63844789178097,3.0931305825373685
2,0.1,100,138.04231880157263,6.162720573658312
2,0.1,105,135.39560431305324,9.185408540061303
2,0.1,110,131.71844752161044,12.138190001173097
2,0.1,115,127.03883381075508,14.998592507136456
2,0.1,120,121.39237786645468,17.74484666772274
2,0.1,125,114.82205262786876,20.356051830536302
2,0.1,130,107.37786223733377,22.81233514759932
2,0.1,135,99.11646147864681,25.09500281972453
2,0.1,140,90.10072459995156,27.186682367614655
2,0.1,145,80.39926680274569,29.07145484691959
2,0.1,150,70.08592203876636,30.734976001015085
2,0.1,155,59.23918108903525,32.164585429456956
2,0.1,160,47.94159420162106,33.349402941272956
2,0.1,165,36.279142834406485,34.28041135978582
2,0.1,170,24.340585284276653,34.950525148772414
2,0.1,175,12.2167811828863,35.35464433767276
2,0.1,180,1.7166100018013237e-14,35.489693335445494
2,0.1,185,-12.216781182886265,35.35464433767276
2,0.1,190,-24.340585284276678,34.950525148772414
2,0.1,195,-36.27914283440646,34.28041135978583
2,0.1,200,-47.94159420162102,33.34940294127296
2,0.1,205,-59.23918108903523,32.164585429456956
2,0.1,210,-70.08592203876637,30.734976001015085
2,0.1,215,-80.39926680274573,29.07145484691959
2,0.1,220,-90.10072459995156,27.186682367614655
2,0.1,225,-99.11646147864678,25.09500281972454
2,0.1,230,-107.37786223733377,22.81233514759932
2,0.1,235,-114.82205262786873,20.35605183053631
2,0.1,240,-121.39237786645464,17.74484666772276
2,0.1,245,-127.03883381075508,14.998592507136449
2,0.1,250,-131.71844752161044,12.138190001173092
2,0.1,255,-135.39560431305324,9.185408540061292
2,0.1,260,-138.04231880157263,6.162720573658313
2,0.1,265,-139.63844789178097,3.0931305825373694
2,0.1,270,-140.17184407753274,6.519350901896172e-15
2,0.1,275,-139.63844789178097,-3.093130582537357
2,0.1,280,-138.04231880157263,-6.162720573658301
2,0.1,285,-135.39560431305327,-9.185408540061282
2,0.1,290,-131.71844752161044,-12.138190001173108
2,0.1,295,-127.03883381075505,-14.998592507136467
2,0.1,300,-121.39237786645467,-17.74484666772275
2,0.1,305,-114.82205262786876,-20.3560518305363
2,0.1,310,-107.37786223733377,-22.812335147599317
2,0.1,315,-99.11646147864681,-25.095002819724527
2,0.1,320,-90.10072459995159,-27.18668236761464
2,0.1,325,-80.39926680274576,-29.071454846919575
2,0.1,330,-70.08592203876643,-30.734976001015077
2,0.1,335,-59.23918108903521,-32.164585429456956
2,0.1,340,-47.94159420162102,-33.34940294127296
2,0.1,345,-36.27914283440644,-34.28041135978583
2,0.1,350,-24.34058528427667,-34.950525148772414
2,0.1,355,-12.216781182886317,-35.35464433767276
2,0.1,360,-3.4332200036026475e-14,-35.489693335445494
