Fz_kN,kappa_G_per_m,M_inner_armor_kNm,M_outer_armor_kNm,M_continuum_kNm,M_total_literal_kNm,inner_nu_star_deg,outer_nu_star_deg
50,0.0,2.560353792168106e-17,1.3264208815239465e-17,0.0,3.8867746736920526e-17,90.0,90.0
50,0.002,0.8359335292466761,0.4332037900721336,0.18758309148313423,1.4567204108019438,2.0054970201461613,0.9312357057466703
50,0.004,0.8361896590941267,0.4332324014318336,0.37516618296626847,1.6445882434922288,1.0025949302849861,0.46560247767308
50,0.006,0.8362370789244973,0.43323769955184616,0.5627492744494027,1.832224052925746,0.6683776690133197,0.31039975380974955
50,0.008,0.8362536750075021,0.4332395538731861,0.7503323659325369,2.0198255948132253,0.5012782775902147,0.23279931715068639
50,0.01,0.836261356472533,0.4332404121554361,0.9379154574156712,2.20741722604364,0.4010207802803499,0.18623926924331213
50,0.012,0.8362655290802793,0.43324087838186903,1.1254985488988054,2.3950049563609537,0.33418314984998926,0.15519930752822386
50,0.014,0.8362680450175635,0.4332411595013759,1.3130816403819396,2.582590844900879,0.2864422689860403,0.13302793472205393
50,0.016,0.8362696779521596,0.4332413419586166,1.5006647318650739,2.7701757517758496,0.25063674066088854,0.11639941837130352
50,0.018,0.8362707974842554,0.43324146705064004,1.6882478233482079,2.9577600878831034,0.22278806479539487,0.10346613472622745
50,0.02,0.8362715982777368,0.4332415565281987,1.8758309148313423,3.145344069637278,0.20050916231448696,0.0931195116375989
50,0.022,0.8362721907736829,0.4332416227314567,2.063414006314477,3.332927819819616,0.18228099207681014,0.08465409502076872
50,0.024,0.8362726414150613,0.4332416730844548,2.250997097797611,3.520511412297127,0.1670908643837042,0.0775995825929118
50,0.026,0.8362729921197921,0.43324171227092184,2.438580189280745,3.7080948936714586,0.15423768862852943,0.07163038069245498
50,0.028,0.8362732703931186,0.43324174336418064,2.6261632807638793,3.8956782945211788,0.14322068704071825,0.06651392254189462
50,0.03,0.8362734948897477,0.4332417684486328,2.8137463722470137,4.0832616355853935,0.13367262329587665,0.06207965924191317
50,0.032,0.8362736786237277,0.43324178897841753,3.0013294637301478,4.2708449313322925,0.12531807057334696,0.05819967916035593
50,0.034,0.8362738308979135,0.43324180599299966,3.188912555213282,4.458428192104195,0.11794640862492588,0.05477616754590705
50,0.036,0.8362739585051338,0.43324182025138436,3.3764956466964158,4.646011425452935,0.11139382186918287,0.051733046275399076
50,0.038,0.8362740664990983,0.43324183231825414,3.5640787381795507,4.833594636996903,0.10553098232524663,0.049010253683638406
50,0.04,0.8362741587025795,0.43324184262075166,3.7516618296626847,5.021177830986016,0.10025442768220436,0.04655974044586083
50,0.042,0.8362742380504214,0.43324185148680555,3.9392449211458187,5.208761010683046,0.09548040278667284,0.044342609494715454
50,0.044,0.836274306826007,0.43324185917155267,4.126828012628954,5.396344178626513,0.09114038073047448,0.042327035960471014
50,0.046,0.8362743668273853,0.43324186587590074,4.314411104112088,5.583927336815374,0.0871777523538899,0.04048672973588338
50,0.048,0.8362744194859976,0.4332418717597937,4.501994195595222,5.771510486841013,0.0835453433754655,0.03879978240008342
50,0.05,0.8362744659528495,0.433241876951841,4.689577287078356,5.959093629983046,0.08020352741222794,0.037247790880888025
50,0.052,0.8362745071619472,0.4332418815564048,4.87716037856149,6.1466767672798435,0.07711877445782073,0.03581518334899067
50,0.054,0.8362745438776001,0.4332418856588869,5.0647434700446246,6.334259899581111,0.07426252192177113,0.03448869491351455
50,0.056,0.8362745767301203,0.43324188932971586,5.252326561527759,6.521843027587596,0.07161028758941114,0.033256955668568504
50,0.058,0.8362746062430529,0.4332418926273905,5.439909653010893,6.7094261518813365,0.06914096610768188,0.03211016397158501
50,0.06,0.8362746328541667,0.4332418956008261,5.6274927444940275,6.8970092729490196,0.0668362661740267,0.031039825066015568
50,0.062,0.836274656931782,0.43324189829117726,5.8150758359771615,7.084592391200122,0.06468025665664649,0.030038540293199825
50,0.064,0.8362746787875827,0.4332419007332704,6.0026589274602955,7.2721755069811485,0.06265899781733879,0.029099835827022517
50,0.066,0.8362746986867552,0.4332419029567366,6.1902420189434295,7.459758620586921,0.06076023958482696,0.028218022547733358
50,0.068,0.836274716856071,0.4332419049869145,6.377825110426564,7.64734173226955,0.05897317307404491,0.027388080643923667
50,0.07,0.8362747334903755,0.43324190684557556,6.565408201909699,7.83492484224565,0.057288224702170584,0.026605563997026713
50,0.072,0.836274748757833,0.43324190855150957,6.7529912933928316,8.022507950702174,0.05569688461869497,0.02586652050173883
50,0.074,0.8362747628041952,0.43324191012100277,6.9405743848759665,8.210091057801165,0.05419156295767413,0.02516742530745653
50,0.076,0.8362747757562913,0.4332419115682264,7.128157476359101,8.39767416368362,0.05276546878701831,0.02450512460054174
50,0.078,0.8362747877249025,0.4332419129055586,7.3157405678422345,8.585257268472697,0.051412507680986465,0.023876788035471257
50,0.08,0.8362747988071368,0.4332419141438501,7.503323659325369,8.772840372276358,0.0501271946568214,0.02327986830131523
50,0.082,0.8362748090884063,0.43324191529264455,7.690906750808503,8.960423475189552,0.04890457985237692,0.022712066605317566
50,0.084,0.8362748186440776,0.4332419163603631,7.878489842291637,9.148006577296078,0.04774018482123604,0.022171303087394335
50,0.086,0.8362748275408572,0.4332419173544594,8.066072933774773,9.335589678670088,0.046629947716889934,0.021655691362842438
50,0.088,0.8362748358379586,0.43324191828154957,8.253656025257907,9.523172779377415,0.04557017595180746,0.02116351653649767
50,0.09,0.8362748435880892,0.4332419191475231,8.441239116741043,9.710755879476654,0.04455750516863353,0.020693216148338914
50,0.092,0.8362748508382908,0.4332419199576361,8.628822208224175,9.898338979020101,0.043588863562974235,0.020243363604448627
50,0.094,0.836274857630655,0.4332419207165921,8.816405299707311,10.085922078054557,0.04266144076072311,0.019812653723170225
50,0.096,0.8362748640029339,0.4332419214286093,9.003988391190443,10.273505176621988,0.04177266058572425,0.019399890087996013
50,0.098,0.8362748699890687,0.43324192209747975,9.191571482673579,10.461088274760126,0.04092015716200941,0.019003973949081328
50,0.1,0.8362748756196392,0.4332419227266208,9.379154574156711,10.648671372502971,0.040101753883768305,0.01862389445657717
100,0.0,5.120707584336212e-17,2.652841763047893e-17,0.0,7.773549347384105e-17,90.0,90.0
100,0.002,1.6698158966278378,0.8661786382240855,0.18758309148313423,2.7235776263350577,4.013456411204469,1.862717524424637
100,0.004,1.6718670584933522,0.8664075801442672,0.37516618296626847,2.9134408216038876,2.0054970201461613,0.9312357057466703
100,0.006,1.6722465304631682,0.8664499678337246,0.5627492744494027,3.1014457727462954,1.336846313426252,0.6208086180971345
100,0.008,1.6723793181882534,0.8664648028636672,0.7503323659325369,3.2891764869844575,1.0025949302849861,0.46560247767308
100,0.01,1.6724407751164856,0.8664716692471552,0.9379154574156712,3.4768279017793122,0.8020612073958957,0.37248050626662377
100,0.012,1.6724741578489946,0.8664753991036923,1.1254985488988054,3.664448105851492,0.6683776690133197,0.31039975380974955
100,0.014,1.6724942861490872,0.8664776480790702,1.3130816403819396,3.8520535746100975,0.5728916975108808,0.26605658655674885
100,0.016,1.6725073500150043,0.8664791077463722,1.5006647318650739,4.039651189626451,0.5012782775902147,0.23279931715068639
100,0.018,1.6725163064788704,0.866480108487551,1.6882478233482079,4.227244238314629,0.44557949813296927,0.206932606857746
100,0.02,1.672522712945066,0.8664808243108723,1.8758309148313423,4.41483445208728,0.4010207802803499,0.18623926924331213
100,0.022,1.6725274529842031,0.8664813539386617,2.063414006314477,4.602422813237342,0.3645638291120214,0.16930837484083167
100,0.024,1.6725310581605586,0.8664817567637381,2.250997097797611,4.790009912721907,0.33418314984998926,0.15519930752822386
100,0.026,1.6725338638282345,0.8664820702561937,2.438580189280745,4.977596123365173,0.308476494973831,0.14326087334099438
100,0.028,1.672536090035127,0.8664823190027519,2.6261632807638793,5.165181689801758,0.2864422689860403,0.13302793472205393
100,0.03,1.672537886022332,0.8664825196787114,2.8137463722470137,5.352766777948057,0.2673459741810224,0.124159391363027
100,0.032,1.6725393559043191,0.8664826839172332,3.0013294637301478,5.540351503551699,0.25063674066088854,0.11639941837130352
100,0.034,1.6725405741052246,0.8664828200340695,3.188912555213282,5.7279359493525766,0.23589331706811414,0.10955238515636902
100,0.036,1.6725415949685107,0.8664829341012801,3.3764956466964158,5.915520175766207,0.22278806479539487,0.10346613472622745
100,0.038,1.6725424589244116,0.8664830306363399,3.5640787381795507,6.103104227740303,0.21106232266222288,0.09802054322776046
100,0.04,1.6725431965554736,0.8664831130563974,3.7516618296626847,6.290688139274556,0.20050916231448696,0.0931195116375989
100,0.042,1.672543831340711,0.8664831839848887,3.9392449211458187,6.478271936471418,0.19096107072819432,0.088685245548872
100,0.044,1.6725443815473657,0.8664832454629134,4.126828012628954,6.665855639639232,0.18228099207681014,0.08465409502076872
100,0.046,1.6725448615599618,0.8664832990977355,4.314411104112088,6.853439264769785,0.17435570653209975,0.08097347968767281
100,0.048,1.6725452828301226,0.8664833461689097,4.501994195595222,7.041022824594254,0.1670908643837042,0.0775995825929118
100,0.05,1.6725456545659638,0.8664833877053119,4.689577287078356,7.228606329349632,0.16040721198250618,0.07449559750365678
100,0.052,1.6725459842395842,0.8664834245418437,4.87716037856149,7.416189787342917,0.15423768862852943,0.07163038069245498
100,0.054,1.6725462779655027,0.8664834573617167,5.0647434700446246,7.603773205371843,0.14852516860059106,0.06897740232343985
100,0.056,1.6725465407862372,0.8664834867283613,5.252326561527759,7.7913565890423575,0.14322068704071825,0.06651392254189462
100,0.058,1.6725467768901785,0.8664835131097711,5.439909653010893,7.978939943010842,0.13828203289976063,0.06422033802832425
100,0.06,1.6725469897794953,0.8664835368972656,5.6274927444940275,8.166523271170787,0.13367262329587665,0.06207965924191317
100,0.062,1.6725471824007592,0.8664835584200827,5.8150758359771615,8.354106576798003,0.1293605957405613,0.06007708884281281
100,0.064,1.6725473572474554,0.8664835779568351,6.0026589274602955,8.541689862664585,0.12531807057334696,0.05819967916035593
100,0.066,1.672547516441086,0.8664835957445707,6.1902420189434295,8.729273131129087,0.12152054750006333,0.05643605193985514
100,0.068,1.672547661795827,0.8664836119859993,6.377825110426564,8.91685638420839,0.11794640862492588,0.05477616754590705
100,0.07,1.6725477948704466,0.8664836268552916,6.565408201909699,9.104439623635438,0.11457650667755945,0.053211133730887754
100,0.072,1.6725479170102675,0.8664836405027687,6.7529912933928316,9.29202285090587,0.11139382186918287,0.051733046275399076
100,0.074,1.6725480293813046,0.866483653058717,6.9405743848759665,9.479606067315988,0.10838317439399026,0.05033485547082997
100,0.076,1.6725481329981966,0.8664836646365083,7.128157476359101,9.667189273993806,0.10553098232524663,0.049010253683638406
100,0.078,1.672548228747192,0.866483675335169,7.3157405678422345,9.854772471924596,0.10282505675829044,0.04775358021745119
100,0.08,1.672548317405159,0.8664836852415033,7.503323659325369,10.042355661972032,0.10025442768220436,0.04655974044586083
100,0.082,1.672548399655398,0.8664836944318609,7.690906750808503,10.229938844895761,0.09780919533377454,0.04542413677945653
100,0.084,1.672548476100843,0.8664837029736111,7.878489842291637,10.417522021366093,0.09548040278667284,0.044342609494715454
100,0.086,1.672548547275146,0.8664837109263827,8.066072933774773,10.605105191976302,0.09325992631895186,0.04331138581933362
100,0.088,1.672548613652014,0.8664837183431053,8.253656025257907,10.792688357253025,0.09114038073047448,0.042327035960471014
100,0.09,1.6725486756531105,0.866483725270895,8.441239116741043,10.980271517665047,0.08911503728472442,0.04138643499590114
100,0.092,1.6725487336547706,0.8664837317518015,8.628822208224175,11.167854673630748,0.0871777523538899,0.04048672973588338
100,0.094,1.6725487879937244,0.8664837378234501,8.816405299707311,11.355437825524485,0.08532290517311082,0.03962530981543707
100,0.096,1.6725488389719951,0.8664837435195873,9.003988391190443,11.543020973682026,0.0835453433754655,0.03879978240008342
100,0.098,1.6725488868611051,0.8664837488705528,9.191571482673579,11.730604118405235,0.08184033519615992,0.03800794998884523
100,0.1,1.672548931905699,0.866483753903682,9.379154574156711,11.918187259966093,0.08020352741222794,0.037247790880888025
500,0.0,2.5603537921681067e-16,1.3264208815239466e-16,0.0,3.886774673692053e-16,90.0,90.0
500,0.002,8.011361069401241,4.294044130186641,0.18758309148313423,12.492988291071017,20.484488852429376,9.353436582085813
500,0.004,8.27680624591186,4.322868754632359,0.37516618296626847,12.97484118351049,10.07731360031616,4.661113124851672
500,0.006,8.324701137342618,4.32817817204502,0.5627492744494027,13.21562858383704,6.6988766023457025,3.1055026761928546
500,0.008,8.34137644072545,4.330034390743722,0.7503323659325369,13.421743197401707,5.0191357024220675,2.328627780556885
500,0.01,8.349079483139189,4.3308931911204285,0.9379154574156712,13.617888131675288,4.013456411204469,1.862717524424637
500,0.012,8.353259829137192,4.331359603599,1.1254985488988054,13.810117981634997,3.3437101977638615,1.5521810291600706
500,0.014,8.355779080680552,4.33164080284384,1.3130816403819396,14.00050152390633,2.865605291179388,1.3303976983698889
500,0.016,8.357413622965579,4.331823298780375,1.5006647318650739,14.18990165361103,2.507159445859426,1.1640734651826208
500,0.018,8.358534010354255,4.331948411396016,1.6882478233482079,14.378730245098478,2.2284368207775884,1.0347170269796364
500,0.02,8.359335292466762,4.332037900721336,1.8758309148313423,14.56720410801944,2.0054970201461613,0.9312357057466703
500,0.022,8.359928083860712,4.332104111095087,2.063414006314477,14.755446201270276,1.82311447208927,0.8465714449671468
500,0.024,8.360378912332855,4.332154468599593,2.250997097797611,14.94353047873006,1.671143208655196,0.7760193142864911
500,0.026,8.360729740181604,4.332193658032488,2.438580189280745,15.131503587494839,1.5425613673122531,0.716322280925879
500,0.028,8.361008097197857,4.332224753307277,2.6261632807638793,15.319396131269013,1.4323545695392927,0.6651540165937656
500,0.03,8.361232652315845,4.332249839168622,2.8137463722470137,15.507228863731479,1.3368463134262523,0.6208086180971344
500,0.032,8.36141642816662,4.332270369962021,3.0013294637301478,15.69501626185879,1.2532796460246707,0.5820067003928665
500,0.034,8.361568732962652,4.332287385281722,3.188912555213282,15.882768673457656,1.179546571363853,0.5477699364368142
500,0.036,8.361696362978703,4.332301644215656,3.3764956466964158,16.070493653890775,1.1140077044487113,0.5173374219449229
500,0.038,8.361804374201451,4.332313711501381,3.5640787381795507,16.258196823882383,1.0553689038468563,0.49010845400322695
500,0.04,8.361896590941269,4.3323240143183375,3.7516618296626847,16.445882434922293,1.0025949302849861,0.46560247767308
500,0.042,8.361975949105176,4.332332880620932,3.9392449211458187,16.63355375087193,0.9548477836663108,0.4434304773683316
500,0.044,8.362044732822957,4.332340565564057,4.126828012628954,16.821213311015967,0.9114418630818976,0.42327417116597604
500,0.046,8.362104740678397,4.332347270068141,4.314411104112088,17.008863114858624,0.8718108278826352,0.4048706330552849
500,0.048,8.362157404500918,4.33235315408665,4.501994195595222,17.196504754182786,0.8354827458546726,0.3880007598619137
500,0.05,8.362203875582427,4.332358346235775,4.689577287078356,17.38413950889656,0.8020612073958958,0.37248050626662377
500,0.052,8.362245088142139,4.332362950883158,4.87716037856149,17.57176841758679,0.771210799009098,0.35815414261703615
500,0.054,8.362281806651309,4.332367053433997,5.0647434700446246,17.75939233012993,0.7426458056248323,0.3448890110751965
500,0.056,8.362314661544065,4.332370724320006,5.252326561527759,17.947011947391832,0.7161213343525971,0.332571405497599
500,0.058,8.362344176461058,4.332374022042646,5.439909653010893,18.134627851514598,0.691426275047489,0.3211033037888754
500,0.06,8.362370789244974,4.3323769955184614,5.6274927444940275,18.32224052925746,0.6683776690133199,0.3103997538097495
500,0.062,8.36239486827355,4.332379685903623,5.8150758359771615,18.509850390154337,0.6468161678145462,0.30038676525634683
500,0.064,8.362416725276905,4.332382128025752,6.0026589274602955,18.697457780762953,0.6266023436927228,0.29099959682532384
500,0.066,8.36243662547824,4.332384351516764,6.1902420189434295,18.885062995938434,0.6076136709136013,0.28218135481325685
500,0.068,8.3624547956781,4.332386381715996,6.377825110426564,19.072666287820663,0.589742039890215,0.27388183902928204
500,0.07,8.362471430745439,4.3323882403953515,6.565408201909699,19.260267873050488,0.5728916975108808,0.26605658655674885
500,0.072,8.362486698864409,4.332389946345454,6.7529912933928316,19.44786793860269,0.5569775307873158,0.25866607489207993
500,0.074,8.362500745802217,4.332391515852446,6.9405743848759665,19.635466646530627,0.5419236288618116,0.25167505430753406
500,0.076,8.362513698401344,4.33239296308813,7.128157476359101,19.823064137848576,0.5276620720903855,0.24505198563282446
500,0.078,8.362525667453157,4.332394300431009,7.3157405678422345,20.0106605357264,0.5141319074398518,0.23876856453377826
500,0.08,8.362536750075021,4.332395538731861,7.503323659325369,20.198255948132253,0.5012782775902147,0.23279931715068639
500,0.082,8.362547031686647,4.332396687534539,7.690906750808503,20.385850470029688,0.48905167749721407,0.22712125491270338
500,0.084,8.362556587660983,4.332397755260405,7.878489842291637,20.573444185213027,0.47740731716951246,0.2217135786654058
500,0.086,8.362565484709593,4.33239874936312,8.066072933774773,20.761037167847487,0.4663045733680983,0.21655742408361914
500,0.088,8.362573782050148,4.332399676459073,8.253656025257907,20.94862948376713,0.4557065160798884,0.21163564180127145
500,0.09,8.362581532394351,4.332400542437756,8.441239116741043,21.136221191573146,0.4455794981329693,0.20693260685774598
500,0.092,8.362588782787222,4.332401352555534,8.628822208224175,21.32381234356693,0.43589279834415984,0.20243405299944564
500,0.094,8.362595575322704,4.3324021115155995,8.816405299707311,21.511402986545612,0.4266183102253582,0.1981269281346643
500,0.096,8.36260194775602,4.332402823536382,9.003988391190443,21.698993162482846,0.4177302696041756,0.1939992678568584
500,0.098,8.362607934029466,4.332403492410301,9.191571482673579,21.886582909113347,0.40920501559926387,0.19004008445507642
500,0.1,8.362613564725331,4.332404121554361,9.379154574156711,22.074172260436406,0.40102078028034993,0.18623926924331213
1000,0.0,5.120707584336213e-16,2.6528417630478933e-16,0.0,7.773549347384106e-16,90.0,90.0
1000,0.002,13.591025845777208,8.352028723997385,0.18758309148313423,22.13063766125773,44.41958991861578,18.968499563384245
1000,0.004,16.022722138802482,8.588088260373283,0.37516618296626847,24.985976582142033,20.484488852429376,9.353436582085813
1000,0.006,16.41822753159018,8.630841452153575,0.5627492744494027,25.611818258193157,13.491583708858384,6.220175830674961
1000,0.008,16.55361249182372,8.645737509264718,0.7503323659325369,25.94968236702098,10.07731360031616,4.661113124851672
1000,0.01,16.615769637448825,8.652620522397125,0.9379154574156712,26.206305617261624,8.046776705429263,3.727407472291667
1000,0.012,16.649402274685237,8.65635634409004,1.1254985488988054,26.43125716767408,6.6988766023457025,3.1055026761928546
1000,0.014,16.66963732051223,8.658607874628574,1.3130816403819396,26.64132683552274,5.738410231347563,2.661513371626532
1000,0.016,16.6827528814509,8.660068781487444,1.5006647318650739,26.843486394803413,5.0191357024220675,2.328627780556885
1000,0.018,16.6917368171982,8.661070182144776,1.6882478233482079,27.041054822691187,4.4602535716194,2.0697717045376094
1000,0.02,16.698158966278378,8.661786382240857,1.8758309148313423,27.235776263350576,4.013456411204469,1.862717524424637
1000,0.022,16.702908482787382,8.662316237850703,2.063414006314477,27.428638726952563,3.648078072636897,1.6933277791380523
1000,0.024,16.706519658274384,8.662719207198,2.250997097797611,27.620235963269995,3.3437101977638615,1.5521810291600706
1000,0.026,16.709329272475603,8.66303279459356,2.438580189280745,27.810942256349907,3.086242258872997,1.4327565569289782
1000,0.028,16.711558161361104,8.66328160568768,2.6261632807638793,28.00100304781266,2.865605291179388,1.3303976983698889
1000,0.03,16.71335602259278,8.66348232675068,2.8137463722470137,28.190584721590476,2.6744210994758753,1.2416901344583986
1000,0.032,16.714827245931158,8.66364659756075,3.0013294637301478,28.37980330722206,2.507159445859426,1.1640734651826208
1000,0.034,16.716046427319032,8.663782738002178,3.188912555213282,28.568741720534494,2.3595934332860855,1.095589947623503
1000,0.036,16.71706802070851,8.663896822792031,3.3764956466964158,28.757460490196955,2.2284368207775884,1.0347170269796364
1000,0.038,16.717932529293144,8.663993371160664,3.5640787381795507,28.946004638633354,2.111096090191778,0.9802527743358884
1000,0.04,16.718670584933523,8.664075801442673,3.7516618296626847,29.13440821603888,2.0054970201461613,0.9312357057466703
1000,0.042,16.719305700682938,8.664146737893955,3.9392449211458187,29.32269735972271,1.909960886316573,0.8868875177218002
1000,0.044,16.719856167721424,8.664208222190174,4.126828012628954,29.510892402540552,1.82311447208927,0.8465714449671468
1000,0.046,16.72033638769544,8.664261862007056,4.314411104112088,29.69900935381458,1.7438235842230723,0.809761484265385
1000,0.048,16.72075782466571,8.664308937199186,4.501994195595222,29.88706095746012,1.671143208655196,0.7760193142864911
1000,0.05,16.7211296959103,8.664350476863216,4.689577287078356,30.07505745985187,1.6042796414712703,0.7449767558960714
1000,0.052,16.721459480363208,8.664387316064976,4.87716037856149,30.263007174989678,1.5425613673122531,0.716322280925879
1000,0.054,16.721753297705614,8.664420138140226,5.0647434700446246,30.450916905890463,1.485416415003028,0.6897905195698281
1000,0.056,16.722016194395714,8.664449506614554,5.252326561527759,30.638792262538026,1.4323545695392927,0.6651540165937656
1000,0.058,16.722252361860196,8.664475889555058,5.439909653010893,30.82663790442615,1.382953267162943,0.6422166934375979
1000,0.06,16.72246530463169,8.664499678337243,5.6274927444940275,31.014457727462958,1.3368463134262523,0.6208086180971344
1000,0.062,16.722657971138116,8.66452120224431,5.8150758359771615,31.202255009359593,1.2937147863033112,0.6007817874313943
1000,0.064,16.72283285633324,8.664540739924043,6.0026589274602955,31.39003252371758,1.2532796460246707,0.5820067003928665
1000,0.066,16.72299208288995,8.664558528453137,6.1902420189434295,31.577792630286517,1.2152956893583426,0.5643695543847529
1000,0.068,16.723137465925305,8.664574770563444,6.377825110426564,31.765537346915313,1.179546571363853,0.5477699364368142
1000,0.07,16.723270564967127,8.664589640444072,6.565408201909699,31.953268407320895,1.1458406809974648,0.5321189102233841
1000,0.072,16.723392725957407,8.664603288431312,6.7529912933928316,32.14098730778155,1.1140077044487113,0.5173374219449229
1000,0.074,16.72350511541747,8.664615844823533,6.9405743848759665,32.32869534511697,1.0838957460279686,0.5033549647406883
1000,0.076,16.723608748402903,8.664627423002761,7.128157476359101,32.516393647764765,1.0553689038468563,0.49010845400322695
1000,0.078,16.72370451150586,8.664638122003323,7.3157405678422345,32.704083201351416,1.0283052186232857,0.4775412757366482
1000,0.08,16.723793181882538,8.664648028636675,7.503323659325369,32.891764869844586,1.0025949302849861,0.46560247767308
1000,0.082,16.723875443072046,8.664657219257988,7.690906750808503,33.079439413138545,0.9781389897981352,0.45424607877172185
1000,0.084,16.723951898210352,8.664665761241864,7.878489842291637,33.26710750174386,0.9548477836663108,0.4434304773683316
1000,0.086,16.724023081118318,8.664673714220665,8.066072933774773,33.45476972911375,0.9326400364656585,0.4331179419144403
1000,0.088,16.724089465645914,8.664681131128114,8.253656025257907,33.642426622031934,0.9114418630818976,0.42327417116597604
1000,0.09,16.72415147357912,8.664688059082378,8.441239116741043,33.83007864940254,0.891185947354051,0.413867913017238
1000,0.092,16.724209481356795,8.664694540136281,8.628822208224175,34.01772622971725,0.8718108278826352,0.4048706330552849
1000,0.094,16.724263825797816,8.664700611916974,8.816405299707311,34.2053697374221,0.8532602750365349,0.3962562254290549
1000,0.096,16.724314809001836,8.6647063081733,9.003988391190443,34.39300950836557,0.8354827458546726,0.3880007598619137
1000,0.098,16.72436270255706,8.664711659245796,9.191571482673579,34.580645844476436,0.8184309057113772,0.3800822596439547
1000,0.1,16.724407751164854,8.66471669247155,9.379154574156711,34.76827901779312,0.8020612073958958,0.37248050626662377
1500,0.0,7.681061376504317e-16,3.979262644571841e-16,0.0,1.1660324021076158e-15,90.0,90.0
1500,0.002,9.384222627633,11.904919932056767,0.18758309148313423,21.4767256511729,90.0,29.18114750675834
1500,0.004,22.618371692871523,12.736230822294024,0.37516618296626847,35.729768698131814,31.663577318870708,14.110113512341506
1500,0.006,24.034083208203725,12.882132390559926,0.5627492744494027,37.47896487321305,20.484488852429376,9.353436582085816
1500,0.008,24.50292162718601,12.932670632821065,0.7503323659325369,38.18592462593961,15.216397361076838,7.00137149399653
1500,0.01,24.71581409105914,12.955972297734997,0.9379154574156712,38.60970184620981,12.120727505338023,5.596061144365261
1500,0.012,24.83041873773558,12.968606263897081,1.1254985488988054,38.92452355053147,10.07731360031616,4.661113124851674
1500,0.014,24.899175761437153,12.976216112850995,1.3130816403819396,39.18847351467009,8.625778922579304,3.994068489424663
1500,0.016,24.94366425469266,12.981151971944547,1.5006647318650739,39.425480958502284,7.540829513625521,3.4941455869205433
1500,0.018,24.97410341202785,12.984534516135064,1.6882478233482079,39.64688575151112,6.698876602345703,3.105502676192855
1500,0.02,24.99584558933868,12.986953300084798,1.8758309148313423,39.85862980425482,6.026367888410212,2.7946921549835047
1500,0.022,25.011915886562566,12.9887425350996,2.063414006314477,40.06407242797664,5.476756878526441,2.5404542554485583
1500,0.024,25.024129322176346,12.990103172231168,2.250997097797611,40.265229592205124,5.0191357024220675,2.328627780556886
1500,0.026,25.03362867315081,12.991161934705007,2.438580189280745,40.463370797136555,4.632169532750187,2.149414980776328
1500,0.028,25.041162651790508,12.992001947416037,2.6261632807638793,40.65932787997042,4.300653375780873,1.9958208193541587
1500,0.03,25.047238449417563,12.992679573361286,2.8137463722470137,40.853664395025866,4.013456411204469,1.8627175244246374
1500,0.032,25.052209562975975,12.993234125035896,3.0013294637301478,41.04677315174201,3.762242144822439,1.746260414578217
1500,0.034,25.05632849046954,12.99369369967826,3.188912555213282,41.238934745361085,3.5406427893016197,1.643510149523559
1500,0.036,25.05977948741158,12.994078810797003,3.3764956466964158,41.430353944905,3.343710197763862,1.552181029160071
1500,0.038,25.062699564495297,12.994404718282162,3.5640787381795507,41.62118302095701,3.167540937707266,1.470468850956745
1500,0.04,25.06519231531545,12.994682964074542,3.7516618296626847,41.81153710905267,3.0090142771243835,1.396930452904116
1500,0.042,25.06733724204165,12.994922408531524,3.9392449211458187,42.001504571718996,2.865605291179388,1.3303976983698893
1500,0.044,25.06919617977546,12.995129944765663,4.126828012628954,42.191154137170074,2.735249099233452,1.2699149353898245
1500,0.046,25.070817807273556,12.995311000440187,4.314411104112088,42.380539911825835,2.616240618804777,1.2146927808736951
1500,0.048,25.072240868896742,12.995469896341131,4.501994195595222,42.56970496083309,2.507159445859426,1.1640734651826212
1500,0.05,25.07349651210519,12.995610106610242,4.689577287078356,42.75868390579379,2.4068128065111827,1.1175044982408988
1500,0.052,25.074610007504386,12.995734450296524,4.87716037856149,42.94750483636239,2.314191702346935,1.0745184155413283
1500,0.054,25.075602031062765,12.995845234188053,5.0647434700446246,43.136190735295436,2.228436820777588,1.0347170269796366
1500,0.056,25.076489631399884,12.995944360588144,5.252326561527759,43.32476055351579,2.1488117638628355,0.9977590422855601
1500,0.058,25.077286967549437,12.996033409535137,5.439909653010893,43.513230030095464,2.0746818255304804,0.9633502576575466
1500,0.06,25.07800587740029,12.996113702164013,5.6274927444940275,43.70161232405833,2.0054970201461613,0.9312357057466705
1500,0.062,25.078656319817654,12.996186349996119,5.8150758359771615,43.889918505790945,1.940778400779826,0.9011933254867358
1500,0.064,25.079246721538606,12.996252293618497,6.0026589274602955,44.0781579426174,1.8801069463774889,0.8730288191878491
1500,0.066,25.07978425158214,12.996312333285264,6.1902420189434295,44.26633860381084,1.8231144720892696,0.8465714449671469
1500,0.068,25.080275039982034,12.99636715331299,6.377825110426564,44.45446730372159,1.769476145626484,0.8216705518880363
1500,0.07,25.080724353389495,12.996417341667993,6.565408201909699,44.64254989696718,1.718904288010589,0.7981927092232978
1500,0.072,25.08113673699857,12.99646340579878,6.7529912933928316,44.83059143619018,1.671143208655196,0.7760193142864912
1500,0.074,25.081516129978997,12.996505785514346,6.9405743848759665,45.01859630036931,1.6259648788629646,0.7550445882684484
1500,0.076,25.081865959921302,12.99654486352183,7.128157476359101,45.20656829980223,1.5831652891183032,0.7351738885868645
1500,0.078,25.082189220544812,12.99658097409747,7.3157405678422345,45.39451076248452,1.5425613673122531,0.7163222809258792
1500,0.08,25.0824885359747,12.996614410259376,7.503323659325369,45.58242660555945,1.5039883596370511,0.698413325509991
1500,0.082,25.08276621417718,12.99664542973086,7.690906750808503,45.77031839471655,1.4672975950820881,0.681378041028139
1500,0.084,25.083024291593567,12.99667425992183,7.878489842291637,45.95818839380704,1.4323545695392927,0.6651540165937658
1500,0.086,25.083264570591943,12.996701102108924,8.066072933774773,46.14603860647564,1.3990372974432672,0.649684647637465
1500,0.088,25.08348865102751,12.996726134958157,8.253656025257907,46.33387081124357,1.3672348883485685,0.6349184760121485
1500,0.09,25.08369795694752,12.99674951750587,8.441239116741043,46.52168659119443,1.3368463134262523,0.6208086180971346
1500,0.092,25.083893759276158,12.996771391691016,8.628822208224175,46.70948735919135,1.307779332957115,0.6073122675078412
1500,0.094,25.08407719515632,12.996791884514352,8.816405299707311,46.89727437937798,1.2799495608260898,0.59439026129788
1500,0.096,25.084249284499858,12.996811109886067,9.003988391190443,47.08504878557637,1.2532796460246707,0.5820067003928667
1500,0.098,25.08441094419742,12.996829170212232,9.191571482673579,47.27281159708322,1.2276985544348684,0.5701286165074575
1500,0.1,25.08456300035851,12.996846157761338,9.379154574156711,47.460563732276555,1.2031409368463823,0.5587256790370643
2000,0.0,1.0241415168672427e-15,5.305683526095787e-16,0.0,1.5547098694768211e-15,90.0,90.0
2000,0.002,9.384222627633,14.592368596886502,0.18758309148313423,24.16417431600263,90.0,40.54888128568792
2000,0.004,27.182051691554417,16.70405744799477,0.37516618296626847,44.26127532251546,44.41958991861578,18.968499563384245
2000,0.006,30.890170930848093,17.055487606448256,0.5627492744494027,48.508407811745755,27.814148064263644,12.515214093112322
2000,0.008,32.045444277604965,17.176176520746566,0.7503323659325369,49.971953164284066,20.484488852429376,9.353436582085813
2000,0.01,32.561028437092716,17.231650210754854,0.9379154574156712,50.73059410526324,16.257998450075025,7.47070810113329
2000,0.012,32.83645506318036,17.26168290430715,1.1254985488988054,51.223636516386314,13.491583708858384,6.220175830674961
2000,0.014,33.001014598832505,17.27975754875188,1.3130816403819396,51.593853787966324,11.535414969271507,5.328791558361387
2000,0.016,33.10722498364744,17.291475018529436,1.5006647318650739,51.89936473404196,10.07731360031616,4.661113124851672
2000,0.018,33.17977582705371,17.299502279123153,1.6882478233482079,52.16752592952507,8.947826889579003,4.142250579472482
2000,0.02,33.23153927489765,17.30524104479425,1.8758309148313423,52.41261123452325,8.046776705429263,3.727407472291667
2000,0.022,33.269768144444456,17.309485427874062,2.063414006314477,52.64266757863299,7.311051297655202,3.3881368562889715
2000,0.024,33.29880454937047,17.31271268818008,2.250997097797611,52.86251433534816,6.6988766023457025,3.1055026761928546
2000,0.026,33.32137800631238,17.315223693389004,2.438580189280745,53.07518188898212,6.181484848688215,2.8664100212319017
2000,0.028,33.33927464102446,17.317215749257148,2.6261632807638793,53.28265367104548,5.738410231347563,2.661513371626532
2000,0.03,33.35370326746256,17.318822612754467,2.8137463722470137,53.48627225246405,5.354691511575556,2.4839639177166575
2000,0.032,33.3655057629018,17.32013756297489,3.0013294637301478,53.68697278960683,5.0191357024220675,2.328627780556885
2000,0.034,33.37528310638837,17.32122725938673,3.188912555213282,53.88542292098838,4.723200689269048,2.1915807406219843
2000,0.036,33.3834736343964,17.322140364289552,3.3764956466964158,54.082109645382374,4.4602535716194,2.0697717045376094
2000,0.038,33.39040315655175,17.322913074157093,3.5640787381795507,54.277394968888395,4.225065026749774,1.9607926211264697
2000,0.04,33.396317932556755,17.323572764481714,3.7516618296626847,54.47155252670115,4.013456411204469,1.862717524424637
2000,0.042,33.40140689775925,17.324140449199064,3.9392449211458187,54.66479226810414,3.8220483145997797,1.7739876252922377
2000,0.044,33.405816965574765,17.324632475701407,4.126828012628954,54.85727745390513,3.648078072636897,1.6933277791380523
2000,0.046,33.409663766646176,17.325061715399126,4.314411104112088,55.04913658615739,3.489265126507891,1.6196847683121214
2000,0.048,33.41303931654877,17.325438414396,4.501994195595222,55.24047192653999,3.3437101977638615,1.5521810291600706
2000,0.05,33.4160175766752,17.32577081081837,4.689577287078356,55.43136567457192,3.209818763374989,1.4900794946394578
2000,0.052,33.41865854495121,17.32606558918712,4.87716037856149,55.621884512699815,3.086242258872997,1.4327565569289782
2000,0.054,33.42101130445762,17.326328219203955,5.0647434700446246,55.8120829937062,2.9718323941657143,1.3796810429566688
2000,0.056,33.42311632272221,17.32656321137536,5.252326561527759,56.00200609562532,2.865605291179388,1.3303976983698889
2000,0.058,33.42500720504803,17.326774312012816,5.439909653010893,56.19169117007174,2.766713064048349,1.284514090865402
2000,0.06,33.42671204518556,17.32696465350136,5.6274927444940275,56.38116944318095,2.6744210994758753,1.2416901344583986
2000,0.062,33.42825447567935,17.32713687119082,5.8150758359771615,56.57046718284734,2.5880897461382295,1.2016296424711523
2000,0.064,33.429654491862316,17.3272931951215,6.0026589274602955,56.75960661444412,2.507159445859426,1.1640734651826208
2000,0.066,33.43092910358362,17.327435522591234,6.1902420189434295,56.948606645118275,2.4311385745041263,1.1287938758028426
2000,0.068,33.432092854638064,17.327565476004356,6.377825110426564,57.13748344106899,2.3595934332860855,1.095589947623503
2000,0.07,33.43315823972654,17.32768444931803,6.565408201909699,57.32625089095426,2.292139959380418,1.0642837240074923
2000,0.072,33.43413604141702,17.327793645584062,6.7529912933928316,57.51492098039391,2.2284368207775884,1.0347170269796364
2000,0.074,33.43503560418108,17.32789410748526,6.9405743848759665,57.703504096542304,2.16817963293904,1.0067487835469366
2000,0.076,33.43586505858629,17.32798674232133,7.128157476359101,57.89200927726671,2.111096090191778,0.9802527743358884
2000,0.078,33.436631505744124,17.328072342568294,7.3157405678422345,58.08044441615465,2.0569418473659287,0.9551157287153783
2000,0.08,33.43734116986705,17.328151602885345,7.503323659325369,58.26881643207776,2.0054970201461613,0.9312357057466703
2000,0.082,33.43799952508463,17.32822513425379,7.690906750808503,58.45713141014692,1.9565631983222471,0.9085207121427727
2000,0.084,33.438611401365876,17.32829347578791,7.878489842291637,58.64539471944542,1.909960886316573,0.8868875177218002
2000,0.086,33.4391810733916,17.328357104645583,8.066072933774773,58.83361111181196,1.8655273013242883,0.8662606361934345
2000,0.088,33.43971233544285,17.32841644438035,8.253656025257907,59.021784805081104,1.82311447208927,0.8465714449671468
2000,0.09,33.44020856476504,17.328471872008762,8.441239116741043,59.20991955351484,1.7825875914845755,0.8277574223500216
2000,0.092,33.44067277539088,17.32852372401411,8.628822208224175,59.39801870762916,1.7438235842230723,0.809761484265385
2000,0.094,33.4411076640296,17.328572301465517,8.816405299707311,59.58608526520243,1.7067098576164417,0.7925314056658853
2000,0.096,33.44151564933142,17.328617874398372,9.003988391190443,59.77412191492024,1.671143208655196,0.7760193142864911
2000,0.098,33.441898905598265,17.328660685575382,9.191571482673579,59.962131073847225,1.637028865051856,0.7601812464005057
2000,0.1,33.4422593918206,17.328700953726432,9.379154574156711,60.15011491970374,1.6042796414712703,0.7449767558960714
2500,0.0,1.2801768960840528e-15,6.632104407619734e-16,0.0,1.943387336846026e-15,90.0,90.0
2500,0.002,9.384222627633,15.79034780184474,0.18758309148313423,25.36215352096087,90.0,54.35277495460318
2500,0.004,27.916155891796986,20.421891698587164,0.37516618296626847,48.71321377335041,61.031306815858095,23.9732658899098
2500,0.006,36.6345493228183,21.123229947880073,0.5627492744494027,58.32052854514778,35.67990229143887,15.716255368681518
2500,0.008,39.019951452808264,21.361260843305406,0.7503323659325369,61.1315446620462,25.940799516059762,11.721525732280794
2500,0.01,40.05680534700621,21.47022065093321,0.9379154574156712,62.46494145535509,20.484488852429372,9.353436582085816
2500,0.012,40.60472088023791,21.529095264232097,1.1254985488988054,63.25931469336882,16.955456754369337,7.783877512048125
2500,0.014,40.93023839787881,21.564489602828022,1.3130816403819396,63.807809641088774,14.47555908609252,6.666421760229332
2500,0.016,41.139630187235255,21.587419867348803,1.5006647318650739,64.22771478644914,12.633929325644546,5.830022081397763
2500,0.018,41.282352917664625,21.603121761264713,1.6882478233482079,64.57372250227755,11.21077195493436,5.180359063364025
2500,0.02,41.384031229559305,21.6143437731618,1.8758309148313423,64.87420591755244,10.077313600316158,4.661113124851674
2500,0.022,41.45904379818255,21.62264172606544,2.063414006314477,65.14509953056246,9.152914341828573,4.236562663228444
2500,0.024,41.51597393980572,21.628950119481374,2.250997097797611,65.3959211570847,8.384423592494546,3.8829495341674596
2500,0.026,41.56020584796011,21.63385781318293,2.438580189280745,65.63264385042379,7.735352408869672,3.583854622603149
2500,0.028,41.595257182595375,21.63775084791595,2.6261632807638793,65.8591713112752,7.179802763126118,3.3275656752689233
2500,0.03,41.623505686713074,21.6408908602251,2.8137463722470137,66.0781429191852,6.698876602345702,3.105502676192855
2500,0.032,41.64660572104842,21.643460272337336,3.0013294637301478,66.2913954571159,6.278455978124785,2.9112359631093723
2500,0.034,41.66573733315333,21.645589426050837,3.188912555213282,66.50023931441744,5.9077790038855165,2.7398520434221596
2500,0.036,41.681760662597874,21.647373459755933,3.3764956466964158,66.70562976905022,5.578497044063885,2.5875314223150103
2500,0.038,41.69531469976715,21.648883132291363,3.5640787381795507,66.90827657023807,5.28403326369564,2.4512600931669186
2500,0.04,41.70688220362724,21.650171953718612,3.7516618296626847,67.10871598700854,5.019135702422067,2.328627780556886
2500,0.042,41.71683341691718,21.651280996071673,3.9392449211458187,67.30735933413467,4.779559284228527,2.2176839475274486
2500,0.044,41.72545614245248,21.652242208376226,4.126828012628954,67.50452636345766,4.5618353126788325,2.1168331470312585
2500,0.046,41.73297683748085,21.65308074478458,4.314411104112088,67.70046868637752,4.363101575998801,2.0247577193237483
2500,0.048,41.73957566695803,21.653816627879017,4.501994195595222,67.89538649043227,4.180975233478533,1.9403598449010082
2500,0.05,41.74539741569594,21.65446595560215,4.689577287078356,68.08944065837643,4.013456411204469,1.8627175244246374
2500,0.052,41.75055951238404,21.655041789517014,4.87716037856149,68.28276168046254,3.858854180231989,1.791050730342657
2500,0.054,41.75515800742797,21.655554817057293,5.0647434700446246,68.47545629452989,3.715729076239775,1.724695089396676
2500,0.056,41.7592720800847,21.656013851181264,5.252326561527759,68.66761249279372,3.582848000220245,1.6630812108505966
2500,0.058,41.7629674744445,21.656426211505682,5.439909653010893,68.85930333896107,3.4591484948939915,1.6057182960414038
2500,0.06,41.76629914568596,21.656798017995,5.6274927444940275,69.05058990817498,3.343710197763861,1.5521810291600708
2500,0.062,41.76931331748106,21.65713441940636,5.8150758359771615,69.24152357286458,3.2357318424004107,1.502099007567723
2500,0.064,41.772049095708006,21.65743977254514,6.0026589274602955,69.43214779571343,3.134512588774464,1.4551481555830383
2500,0.066,41.77453974457195,21.65771778407422,6.1902420189434295,69.6224995475896,3.0394367604529915,1.4110437006211316
2500,0.068,41.77681370351558,21.657971623557625,6.377825110426564,69.81261043749979,2.9499612844503464,1.369534389748282
2500,0.07,41.77889540340275,21.658204014219205,6.565408201909699,70.00250761953167,2.8656052911793877,1.3303976983698893
2500,0.072,41.78080592602001,21.658417306299366,6.7529912933928316,70.19221452571222,2.785941453001787,1.2934358379907804
2500,0.074,41.78256354035677,21.65861353672157,6.9405743848759665,70.38175146195432,2.7105887313590635,1.258472411764
2500,0.076,41.78418414129452,21.658794477912455,7.128157476359101,70.57113609556608,2.639206272193257,1.2253495984180383
2500,0.078,41.785681610488865,21.658961677971995,7.3157405678422345,70.76038385630311,2.5714882429407715,1.193925769664713
2500,0.08,41.787068114827896,21.65911649390188,7.503323659325369,70.94950826805515,2.5071594458594255,1.1640734651826212
2500,0.082,41.78835435451035,21.65926011923013,7.690906750808503,71.138521224549,2.4459715747892425,1.1356776640915405
2500,0.084,41.789549770234785,21.659393607086418,7.878489842291637,71.32743321961284,2.387700007835207,1.1086343034756028
2500,0.086,41.79066271702538,21.659517889564835,8.066072933774773,71.51625354036499,2.332141048517667,1.0828490037170573
2500,0.088,41.79170061069666,21.659633794041135,8.253656025257907,71.7049904299957,2.2791095438786626,1.0582359677226183
2500,0.09,41.79267005177127,21.659742056980086,8.441239116741043,71.89365122549239,2.228436820777588,1.0347170269796366
2500,0.092,41.79357693073248,21.659843335664558,8.628822208224175,72.08224247462122,2.1799688918543003,1.0122208120883303
2500,0.094,41.79442651775706,21.659938218196302,8.816405299707311,72.27077003566066,2.1335648909157765,0.9906820292230678
2500,0.096,41.79522353949,21.660027232053547,9.003988391190443,72.459239162734,2.0890957042244076,0.9700408270683356
2500,0.098,41.79597224495662,21.660110851438525,9.191571482673579,72.64765457906873,2.0464427696504486,0.9502422412993109
2500,0.1,41.7966764623338,21.660189503606688,9.379154574156711,72.83602054009721,2.0054970201461613,0.9312357057466705
3000,0.0,1.5362122753008634e-15,7.958525289143682e-16,0.0,2.3320648042152315e-15,90.0,90.0
3000,0.002,9.384222627633,13.29893704940818,0.18758309148313423,22.87074276852431,90.0,77.19882644642517
3000,0.004,18.768445255266,23.809839864113535,0.37516618296626847,42.9534513023458,90.0,29.18114750675834
3000,0.006,40.77307753733163,25.056086171992163,0.5627492744494027,66.3919129837732,44.41958991861578,18.968499563384253
3000,0.008,45.23674338574305,25.472461644588048,0.7503323659325369,71.45953739626363,31.663577318870708,14.110113512341506
3000,0.01,47.09883391068234,25.662065015688896,0.9379154574156712,73.69881438378691,24.83108677300358,11.246415549460343
3000,0.012,48.06816641640745,25.764264781119852,1.1254985488988054,74.9579297464261,20.484488852429376,9.353436582085816
3000,0.014,48.639755576032634,25.825622958356924,1.3130816403819396,75.7784601747715,17.455224259208148,8.00771273760884
3000,0.016,49.00584325437202,25.86534126564213,1.5006647318650739,76.37184925187923,15.216397361076838,7.00137149399653
3000,0.018,49.254682594770536,25.892524356460733,1.6882478233482079,76.83545477457947,13.491583708858386,6.220175830674962
3000,0.02,49.43162818211828,25.911944595469993,1.8758309148313423,77.21940369241962,12.120727505338023,5.596061144365261
3000,0.022,49.561994552181076,25.926300714335166,2.063414006314477,77.55170927283072,11.004371291919648,5.085920232796165
3000,0.024,49.66083747547116,25.937212527794163,2.250997097797611,77.84904710106294,10.07731360031616,4.661113124851674
3000,0.026,49.73757599289886,25.94570019261388,2.438580189280745,78.1218563747935,9.2949671203986,4.301862366158518
3000,0.028,49.798351522874306,25.95243222570199,2.6261632807638793,78.37694702934019,8.625778922579304,3.994068489424663
3000,0.03,49.847308912346485,25.95786156719138,2.8137463722470137,78.61891685178489,8.046776705429263,3.727407472291668
3000,0.032,49.88732850938532,25.962303943889093,3.0013294637301478,78.85096191700457,7.540829513625521,3.4941455869205433
3000,0.034,49.92046284545465,25.965984898928,3.188912555213282,79.07536029959593,7.094897462034659,3.2883745462272307
3000,0.036,49.9482068240557,25.969069032270127,3.3764956466964158,79.29377150302224,6.698876602345703,3.105502676192855
3000,0.038,49.97167026507797,25.97167874771168,3.5640787381795507,79.5074277509692,6.344815033911569,2.9419073703507976
3000,0.04,49.99169117867736,25.973906600169595,3.7516618296626847,79.71725960850964,6.026367888410212,2.7946921549835047
3000,0.042,50.00891196153668,25.975823623885734,3.9392449211458187,79.92398050656824,5.738410231347563,2.661513371626533
3000,0.044,50.02383177312513,25.9774850701992,4.126828012628954,80.12814485595328,5.476756878526441,2.5404542554485583
3000,0.046,50.036843242266016,25.978934436534896,4.314411104112088,80.330188782913,5.237956145867759,2.4299319431196658
3000,0.048,50.04825864435269,25.980206344462335,4.501994195595222,80.53045918441025,5.0191357024220675,2.328627780556886
3000,0.05,50.05832886650162,25.981328627831346,4.689577287078356,80.72923478141132,4.817885773274136,2.2354343909516508
3000,0.052,50.06725734630162,25.982323869410013,4.87716037856149,80.92674159427311,4.632169532750187,2.149414980776328
3000,0.054,50.0752104515946,25.98321054643434,5.0647434700446246,81.12316446807357,4.460253571619399,2.0697717045376103
3000,0.056,50.082325303581015,25.984003894832075,5.252326561527759,81.31865575994084,4.300653375780873,1.9958208193541587
3000,0.058,50.08871573869715,25.984716568401836,5.439909653010893,81.51334196010987,4.152090163548412,1.9269729875943349
3000,0.06,50.094476898835126,25.985359146722573,5.6274927444940275,81.70732879005173,4.013456411204469,1.8627175244246374
3000,0.062,50.09968879918092,25.98594053020642,5.8150758359771615,81.90070516536449,3.8837880911766813,1.8026096981451487
3000,0.064,50.10441912595195,25.98646825007179,6.0026589274602955,82.09354630348402,3.762242144822439,1.746260414578217
3000,0.066,50.108725448362144,25.986948713552117,6.1902420189434295,82.2859161808577,3.6480780726368964,1.6933277791380525
3000,0.068,50.11265698093908,25.98738739935652,6.377825110426564,82.47786949072217,3.5406427893016197,1.643510149523559
3000,0.07,50.116255997727336,25.987789014592096,6.565408201909699,82.66945321422912,3.439358087074877,1.596540380564438
3000,0.072,50.11955897482316,25.988157621594006,6.7529912933928316,82.86070788981,3.343710197763862,1.552181029160071
3000,0.074,50.12259751930055,25.98849674108231,6.9405743848759665,83.05166864525883,3.253241054343308,1.510220337485017
3000,0.076,50.125399128990594,25.988809436564324,7.128157476359101,83.24236604191402,3.167540937707266,1.470468850956745
3000,0.078,50.1279878174268,25.989098383780693,7.3157405678422345,83.43282676904973,3.086242258872997,1.4327565569289786
3000,0.08,50.1303846306309,25.989365928149084,7.503323659325369,83.62307421810534,3.0090142771243835,1.396930452904116
3000,0.082,50.13260807661954,25.989614132519264,7.690906750808503,83.8131289599473,2.9355585936832203,1.3628524708714154
3000,0.084,50.1346744840833,25.989844817063048,7.878489842291637,84.00300914343799,2.865605291179388,1.3303976983698893
3000,0.086,50.13659830328109,25.990059592745492,8.066072933774773,84.19273082980136,2.798909613422715,1.2994528479356589
3000,0.088,50.13839235955092,25.990259889531327,8.253656025257907,84.38230827434015,2.735249099233452,1.2699149353898245
3000,0.09,50.14006806777832,25.990446980252052,8.441239116741043,84.5717541647714,2.6744210994758753,1.2416901344583988
3000,0.092,50.14163561454711,25.990622000880375,8.628822208224175,84.76107982365167,2.616240618804777,1.2146927808736951
3000,0.094,50.143104113421074,25.99078596781697,8.816405299707311,84.95029538094536,2.560538433623267,1.1888445036801107
3000,0.096,50.144481737793484,25.990939792682262,9.003988391190443,85.13940992166619,2.507159445859426,1.1640734651826212
3000,0.098,50.145775834933424,25.991084295016694,9.191571482673579,85.32843161262369,2.455961238783967,1.1403136940087362
3000,0.1,50.14699302421038,25.991220213220483,9.379154574156711,85.51736781158758,2.4068128065111827,1.1175044982408988
