zeta,Y_normalized,slope,curvature
0.0,0.0,4.297497144517648,-0.003458006560094873
0.002,0.008594803330955018,4.297214165403794,-0.2795211072943573
0.004,0.017188488577480857,4.296379060088471,-0.5555842080282218
0.006,0.025779951487174588,4.294991828571681,-0.831647308762058
0.008,0.03436809375697002,4.293062600704068,-1.0962123085864164
0.01,0.042951851192059284,4.290607163534333,-1.3592248611457762
0.012,0.051530171727703966,4.287625701259486,-1.6222374137050792
0.014,0.06010200696622614,4.284125460088467,-1.875666828624503
0.016,0.06866633965963376,4.2801237867631166,-2.1260064967252674
0.018000000000000002,0.0772221683270545,4.275621434101565,-2.3763461648250086
0.02,0.08576849367224028,4.270623303219413,-2.6189219727181126
0.022,0.09430434373995275,4.265147417102613,-2.8569641440789155
0.024,0.10282876595108893,4.259195446643096,-3.095006315439605
0.026000000000000002,0.11134080916933847,4.252770450348242,-3.3270087079489485
0.028,0.11983954530789541,4.2458903158468475,-3.5531257934471796
0.03,0.12832406894327852,4.238557947174449,-3.779242878945979
0.032,0.13679347603491476,4.230775026749336,-4.0009499354111995
0.034,0.14524688114801337,4.222558566084606,-4.215510729310097
0.036000000000000004,0.15368342421819473,4.21391298383209,-4.430071523211154
0.038,0.16210224712829943,4.204839017217289,-4.64175890432125
0.04,0.17050250606552547,4.195352130308768,-4.84512800419941
0.042,0.1788833844907347,4.185458505200496,-5.048497104074158
0.044,0.18724406894395834,4.175158329753825,-5.2504377702434795
0.046,0.19558375636973374,4.1644649169256835,-5.4429750578990195
0.048,0.20390167189527755,4.153386429522224,-5.635512345556663
0.05,0.21219704537143913,4.141922867543456,-5.827976302919296
0.052000000000000005,0.22046911378046985,4.130084854762136,-6.010036478401673
0.054,0.228717142043587,4.117882721629839,-6.192096653890076
0.056,0.23694040192008858,4.105316468146576,-6.374156829376716
0.058,0.24513816980303021,4.092393974791335,-6.547282863524686
0.06,0.25330974856545146,4.0791274769127535,-6.719215015055397
0.062,0.2614544504678125,4.065517114731119,-6.891147166587871
0.064,0.26957159061320835,4.051568498520289,-7.055669790693173
0.066,0.2776605081725129,4.03729501170694,-7.217817022657641
0.068,0.2857205544637268,4.022697230429658,-7.379964254618244
0.07,0.29375108248999565,4.007778932230517,-7.536136914180929
0.07200000000000001,0.30175146628122307,3.992553959294185,-7.688836022143391
0.074,0.30972109472836185,3.9770235881419467,-7.84153513010051
0.076,0.3176593578288539,3.961190166347011,-7.9896071876551105
0.078,0.32556566322637315,3.945067370772387,-8.133188386954657
0.08,0.3334394358703445,3.9286574127991996,-8.276769586249657
0.082,0.34128010176389895,3.9119615791453666,-8.416986188804458
0.084,0.3490871010920269,3.8949928200900263,-8.551772866552653
0.08600000000000001,0.3568598933286887,3.8777544876791605,-8.686559544308238
0.088,0.3645979394236333,3.8602471443814674,-8.819161514174198
0.09,0.3723007111836922,3.842482512839555,-8.945470027725605
0.092,0.3799677010636401,3.824465264270563,-9.071778541269623
0.094,0.3875984038420488,3.806195542227608,-9.197002278911896
0.096,0.3951923221622798,3.7876833981700155,-9.315141778689977
0.098,0.4027489799153958,3.7689349751128494,-9.433281278471668
0.1,0.41026790454339807,3.7499502730561263,-9.551358666790975
0.10200000000000001,0.4177486288573131,3.7307372834271657,-9.661630962173227
0.10400000000000001,0.42519070664737957,3.71130374920744,-9.771903257566464
0.106,0.4325936968244157,3.691649670396914,-9.882175552952503
0.108,0.439957161774094,3.6717809509036083,-9.985761078752233
0.11,0.44728068368742546,3.6517067292687226,-10.088460556119458
0.112,0.4545638517585325,3.631427108679125,-10.191160033490405
0.114,0.4618062573050326,3.610946275954822,-10.288336062943586
0.116,0.46900750957580395,3.5902741903103457,-10.383749581520306
0.11800000000000001,0.47616722684824925,3.5694112776287317,-10.479163100091228
0.12,0.4832850286535464,3.5483603466392712,-10.57014005365994
0.122,0.49036055012881247,3.5271316596743745,-10.658546911212284
0.124,0.4973934374164339,3.5057261589944257,-10.746953768759113
0.126,0.504383337478136,3.4841455841564444,-10.831937332432176
0.128,0.5113299103238437,3.4624000375811046,-10.913609242924963
0.13,0.5182328287325797,3.4404911471847583,-10.995281153413316
0.132,0.5250917662594468,3.4184198636067276,-11.07447226468014
0.134,0.5319064069080756,3.3961957179945377,-11.14967334752248
0.136,0.5386764488633143,3.373821170216644,-11.224874430364935
0.138,0.5454015913921468,3.3512966349975852,-11.298469279594997
0.14,0.5520815417323786,3.3286307096319843,-11.367456086005802
0.14200000000000002,0.5587160222482662,3.3058268106535773,-11.436442892409332
0.14400000000000002,0.5653047570019485,3.282885044045128,-11.504632938800455
0.146,0.5718474758097982,3.259812756623387,-11.567654482958446
0.148,0.5783439239997163,3.2366144261132987,-11.630676027109985
0.15,0.5847938494855259,3.213290052514922,-11.693697571279245
0.152,0.5911970040959615,3.189845458644172,-11.750945849897171
0.154,0.5975531549229973,3.166286269115298,-11.808243678955591
0.156,0.6038620727753171,3.1426124839283505,-11.865541508006572
0.158,0.6101235309868559,3.118828390070929,-11.91798793772071
0.16,0.6163373172522908,3.0949406059483713,-11.969796184795996
0.162,0.6225032243329865,3.0709492053317344,-12.021604431871538
0.164,0.6286210465284213,3.0468572182778426,-12.069419103782877
0.166,0.6346905910964487,3.0226718345891506,-12.115964584932271
0.168,0.6407116718061362,2.9983933599381096,-12.162510066092409
0.17,0.6466841033315496,2.9740238205727256,-12.20585855549757
0.17200000000000001,0.6526077115873823,2.949570601159418,-12.247360857815465
0.17400000000000002,0.658482330399784,2.9250343771414653,-12.288863160126766
0.176,0.6643077941838714,2.900416399730608,-12.327906573801783
0.178,0.6700839467224554,2.8757239149883675,-12.3645781684138
0.18,0.6758106409483656,2.850958087056944,-12.401249763023998
0.182,0.6814877303496674,2.826119597927509,-12.436144803830189
0.184,0.6871150758916772,2.801215261963473,-12.468191160179572
0.186,0.6926925486690462,2.7762468332868013,-12.500237516514517
0.188,0.6982200205475441,2.751214608897824,-12.531136542704417
0.19,0.7036973690791066,2.7261247160910465,-12.558756264084337
0.192,0.7091244825856129,2.700979583841482,-12.586375985471477
0.194,0.7145012505949191,2.6757792881381626,-12.613427077766232
0.196,0.7198275667270718,2.65052904903069,-12.636812029679746
0.198,0.725103335611106,2.6252320400194544,-12.660196981578679
0.2,0.7303284637072138,2.5998882611043905,-12.683544012050902
0.202,0.7355028602511011,2.57450183763431,-12.70287945801973
0.20400000000000001,0.7406264452771565,2.5490767432723347,-12.722214903977715
0.20600000000000002,0.7456991414435958,2.523612978018403,-12.741550349928048
0.20800000000000002,0.7507208731933787,2.4981135694124212,-12.757462344528577
0.21,0.7556915750976797,2.4725831799713074,-12.77292709659082
0.212,0.7606111852935945,2.447021861026067,-12.78839184864978
0.214,0.7654796430019362,2.4214317457480083,-12.801047668178313
0.216,0.7702968965537158,2.3958178838418225,-12.812814237996918
0.218,0.7750628988485437,2.3701804887960116,-12.824580807815437
0.22,0.7797776034215685,2.3445209827677047,-12.834105959291776
0.222,0.7844409716853498,2.3188445360956895,-12.842340712701287
0.224,0.7890529705862802,2.2931516199169013,-12.850575466112332
0.226,0.7936135674826998,2.267443109892076,-12.857091698000715
0.228,0.7981227362768808,2.2417240631854947,-12.861955008579173
0.23,0.8025804572510276,2.2159952898577537,-12.86681831915405
0.232,0.8069867110738799,2.1902572659871073,-12.870443688085118
0.234,0.8113414836208775,2.1645147322106366,-12.8720900883728
0.23600000000000002,0.8156447678075219,2.138768905633632,-12.873736488649683
0.23800000000000002,0.8198965570839751,2.1130199932267475,-12.874585441917247
0.24,0.8240968488473073,2.0872722439869493,-12.873163797885752
0.242,0.8282456479554481,2.061527338035207,-12.871742153852892
0.244,0.8323429600996974,2.0357853283957033,-12.869925619349033
0.246,0.836388793802813,2.0100498235013426,-12.865579275001629
0.248,0.8403831651888285,1.9843230112956667,-12.861232930668734
0.25,0.8443260916431216,1.9586048917786885,-12.856858379420487
0.252,0.8482175924652844,1.9328983080662425,-12.849725333013488
0.254,0.8520576943861151,1.9072059904466192,-12.842592286613694
0.256,0.8558464259377995,1.8815279389198074,-12.835459240206546
0.258,0.8595838168793487,1.8558662328690836,-12.82597689509825
0.26,0.8632699039159254,1.8302240660217475,-12.816189952264779
0.262,0.8669047261926928,1.8046014730600355,-12.806403009431165
0.264,0.870488323597266,1.7789999140904906,-12.79469536480741
0.266,0.8740207422434303,1.7534228364302546,-12.782382295409832
0.268,0.8775020313604128,1.7278703849088444,-12.770069226008445
0.27,0.8809322406112587,1.702343529674228,-12.756229028955659
0.272,0.8843114250234153,1.676845787915262,-12.74151273002451
0.274,0.8876396433846517,1.651377478754164,-12.72679643109143
0.276,0.8909169547626554,1.6259391975952422,-12.71091346453477
0.278,0.8941434226651513,1.6005343720182545,-12.693912112449624
0.28,0.8973191149191977,1.5751635491454603,-12.67691076035726
0.28200000000000003,0.9004440996130693,1.5498270517407842,-12.659071911336298
0.28400000000000003,0.9035184483545894,1.5245280807099029,-12.639899119561505
0.28600000000000003,0.9065422374996314,1.4992674552625547,-12.62072632778677
0.28800000000000003,0.9095155437636318,1.4740453154410154,-12.601015672136441
0.29,0.912438446519854,1.44886451912366,-12.57978064521582
0.292,0.9153110301534956,1.4237261928601486,-12.558545618290509
0.294,0.9181333796078823,1.398630372591204,-12.537044497852946
0.296,0.9209055817256148,1.373579475914141,-12.513852179191922
0.298,0.9236277284346304,1.3485749638744235,-12.490659860545463
0.3,0.926299912504204,1.3236168364719783,-12.467467541884275
0.302,0.9289222279824271,1.2987069913438987,-12.442398174942362
0.304,0.9314947738679503,1.273847243772186,-12.417349396767179
0.306,0.9340176503558867,1.249037593756854,-12.392300618599165
0.308,0.936490958457498,1.2242794231055398,-12.365692409004971
0.31,0.9389148037911462,1.1995748466703375,-12.338884026218523
0.312,0.9412892935886895,1.1749238870006642,-12.312075643431967
0.314,0.9436145355737511,1.1503275100353343,-12.283998335614285
0.316,0.9458906415804563,1.1257879883225952,-12.255523377139724
0.318,0.9481177254936528,1.1013054165267628,-12.227048418686877
0.32,0.9502959014841358,1.0768804335552433,-12.197569447488434
0.322,0.9524252872471487,1.0525153468566184,-12.167517251156767
0.324,0.9545060029411572,1.0282103645506264,-12.137465054843233
0.326,0.9565381689079909,1.003965877014262,-12.106649617506548
0.328,0.958521908391886,0.9797841214316095,-12.075105965147173
0.33,0.9604573474519206,0.9556654531536846,-12.043562312804227
0.332,0.9623446123169703,0.9316100829424272,-12.011473439141099
0.334,0.9641838315044753,0.9076200888116068,-11.97852069167908
0.336,0.9659751366092134,0.8836960001757396,-11.945567944209813
0.338,0.9677186594580465,0.8598379082302022,-11.912266551595991
0.34,0.9694145335965912,0.8360476579087699,-11.877983769821412
0.342,0.9710628958000572,0.8123259731508914,-11.843700988061414
0.34400000000000003,0.9726638832016878,0.7886728774252089,-11.809245947742625
0.34600000000000003,0.9742176341559254,0.765089922453648,-11.77370902383661
0.34800000000000003,0.9757242902740675,0.7415780413298739,-11.738172099945132
0.35000000000000003,0.9771839937038099,0.718137234053871,-11.702620310985793
0.352,0.9785968874101155,0.6947687116618347,-11.66590208106481
0.354,0.9799631175080972,0.6714736257296167,-11.62918385116015
0.356,0.981282830870674,0.6482519762571988,-11.592465621248152
0.358,0.982556174888982,0.6251046391314858,-11.554760644611179
0.36,0.9837832998657127,0.6020329474776865,-11.516931009182883
0.362,0.9849643571184066,0.5790369150947721,-11.479101373747312
0.364,0.9860994982747228,0.5561171499501668,-11.440474804066454
0.366,0.9871888775409898,0.5332750743043613,-11.40160084169851
0.368,0.9882326504038901,0.5105107465833697,-11.362726879323247
0.37,0.9892309725290344,0.48782456600399593,-11.323227305670109
0.372,0.990184001775713,0.4652179653158671,-11.283373382474892
0.374,0.9910918975288621,0.44269107247411194,-11.243519459285125
0.376,0.9919548192869923,0.4202441296322357,-11.203193832670031
0.378,0.9927729283400065,0.3978785140897799,-11.162421709807752
0.38,0.9935463877061819,0.37559444279300735,-11.121649586941857
0.382,0.9942753605076073,0.3533920456005854,-11.080543268040579
0.384,0.9949600112663144,0.33127259012721055,-11.038912205323026
0.386,0.9956005063762,0.3092363967793058,-10.997281142605488
0.388,0.9961970123713207,0.28728352148815434,-10.955437956390305
0.39,0.9967496968271504,0.2654150787249296,-10.913004806809493
0.392,0.997258729263753,0.24363150226086674,-10.87057165722868
0.394,0.9977242794150479,0.22193280655898098,-10.828033934606736
0.396,0.9981465177474221,0.2003199193779489,-10.784853246411831
0.398,0.9985256166668106,0.17879339357334229,-10.741672558202374
0.4,0.9988617488959664,0.15735322914512778,-10.698481192038905
0.402,0.9991550876424733,0.13600014266225252,-10.654605290788929
0.404,0.9994058079678172,0.1147348079819999,-10.610729389495297
0.406,0.9996140853756029,0.09355722510429412,-10.566853488201659
0.40800000000000003,0.9997800956731937,0.07246790579326506,-10.522402957664907
0.41000000000000003,0.9999040163594737,0.05146762079089945,-10.477882044693203
0.41200000000000003,0.9999860255175748,0.030556377614498982,-10.433361131714221
0.41400000000000003,1.0000263014100703,0.009734526735725745,-10.388382750962862
0.41600000000000004,1.0000250237765507,-0.01099712099986241,-10.34326498461506
0.418,0.9999823730830927,-0.03163853320273713,-10.298147218281475
0.42,0.9998985298977511,-0.0521894829898843,-10.25267586675458
0.422,0.99977367602565,-0.07264916630518656,-10.207007448536075
0.424,0.9996079941237548,-0.09301751278402665,-10.16133903031212
0.426,0.9994016669124546,-0.11329438679904652,-10.11540840141813
0.428,0.9991548781052214,-0.13347902885047638,-10.069233650025605
0.43,0.9988678123633881,-0.15357132139916246,-10.023058898640343
0.432,0.9985406544047059,-0.1735711927146122,-9.97670154105171
0.434,0.9981735897085733,-0.19347795722861683,-9.930062972944103
0.436,0.9977668047605489,-0.21329144460639526,-9.883424404821923
0.438,0.9973204861203523,-0.2330116242469242,-9.83667175546924
0.44,0.9968348209027489,-0.2526379061557143,-9.789610153311667
0.442,0.9963099972445323,-0.27217006486015266,-9.742548551146811
0.444,0.9957462033928605,-0.29160809236605595,-9.695430977820436
0.446,0.9951436279765118,-0.31095150881270117,-9.647985468831596
0.448,0.9945024606182882,-0.330200034241411,-9.600539959850039
0.45,0.993822891100225,-0.3493536686521191,-9.553086791466768
0.452,0.993105109450591,-0.36841205035518,-9.505294911591559
0.454,0.9923493066213108,-0.38737484829850866,-9.457503031716342
0.456,0.9915556737799036,-0.40624206248205036,-9.409711151855703
0.458,0.9907244022437544,-0.4250134424227263,-9.361640352662448
0.46,0.989855684146369,-0.4436886208799693,-9.313538104565723
0.462,0.9889497118965652,-0.46226759484099106,-9.265435856476302
0.464,0.9880066779888445,-0.48075019857695644,-9.217119687814105
0.466,0.9870267756043641,-0.49913605987879284,-9.168741613987407
0.468,0.9860101982534276,-0.5174251650329307,-9.120363540153505
0.47000000000000003,0.9849571394931133,-0.5356174107877449,-9.07182702553564
0.47200000000000003,0.9838677934313268,-0.5537124440788138,-9.023206265524593
0.47400000000000003,0.9827423545444779,-0.5717102358498455,-8.974585505491746
0.47600000000000003,0.9815810173364244,-0.5896107268918488,-8.925852812841597
0.47800000000000004,0.9803839767314515,-0.6074136008629192,-8.877021158246919
0.48,0.9791514280418455,-0.6251188115248236,-8.828189503648616
0.482,0.9778835666023177,-0.6427263288408218,-8.779283975605608
0.484,0.9765805880513863,-0.6602358847399366,-8.730271923509036
0.486,0.9752426884127607,-0.6776474165348301,-8.68125987142696
0.488,0.9738700637369704,-0.6949609117938195,-8.632204063276163
0.49,0.9724629102807174,-0.7121761567286113,-8.583040871525569
0.492,0.9710214246609783,-0.729293075279939,-8.533877679774946
0.494,0.9695458035308594,-0.7463116640919635,-8.484693373267532
0.496,0.9680362436734358,-0.7632317645782949,-8.4354071130577
0.498,0.9664929421875598,-0.7800532925442072,-8.386120852855186
0.5,0.9649160962182725,-0.7967762479897116,-8.336829096462623
0.502,0.9633059029856984,-0.8134005237851005,-8.287446698958675
0.504,0.9616625599663287,-0.8299260347855777,-8.238064301491136
0.506,0.9599862646897529,-0.8463527809910438,-8.188681904030943
0.508,0.9582772147250302,-0.862680699353441,-8.139232723763385
0.51,0.9565356078293393,-0.87890971210578,-8.08978002856307
0.512,0.9547616418135341,-0.8950398194677085,-8.040327333362768
0.514,0.9529555145068855,-0.9110709882537587,-7.990835450333435
0.516,0.951117423858277,-0.9270031609546768,-7.941337250588731
0.518,0.9492475678606664,-0.9428363372561109,-7.891839050858607
0.52,0.9473461445141803,-0.958570502605284,-7.842322421549952
0.522,0.9454133518774059,-0.9742056275291757,-7.792802502305534
0.524,0.9434493880306226,-0.989741712614544,-7.743282583073892
0.526,0.9414544510557429,-1.0051787534813266,-7.693758560237882
0.528,0.939428739044202,-1.0205167517886395,-7.644239747095895
0.53,0.9373724500736725,-1.035755712469685,-7.59472093395749
0.532,0.935285782219855,-1.0508956354091505,-7.545206281160688
0.534,0.9331689335336774,-1.0659365521668023,-7.495710476523399
0.536,0.9310221020055938,-1.08087847731523,-7.446214671900577
0.538,0.9288454856189,-1.0957214114614002,-7.396725584396563
0.54,0.9266392823126617,-1.1104654108504768,-7.347273804655558
0.542,0.9244036899112047,-1.125110506680032,-7.297822024907248
0.544,0.922138906221693,-1.1396566989241008,-7.2483741531272585
0.546,0.9198451290005977,-1.1541040596417091,-7.198986564455268
0.548,0.9175225558332445,-1.1684526451819308,-7.149598975775973
0.55,0.9151713842699882,-1.1827024555448034,-7.100207436109656
0.552,0.9127918118133852,-1.1968535663788125,-7.05090339789143
0.554,0.9103840357431906,-1.2109060691363862,-7.0015993596804265
0.556,0.9079482532755573,-1.2248599638175421,-6.952295321462316
0.558,0.9054846615868322,-1.2387153219784792,-6.903076853389592
0.56,0.9029934575904421,-1.2524722737747729,-6.853874942935363
0.562,0.9004748380942804,-1.26613082175019,-6.804673032473829
0.5640000000000001,0.897928999876344,-1.2796910279235745,-6.75555745358858
0.5660000000000001,0.895356139426889,-1.2931530608820085,-6.706475504869445
0.5680000000000001,0.8927564530754144,-1.3065169299430284,-6.657393556150396
0.5700000000000001,0.890130137130134,-1.3197826842862825,-6.608393790660813
0.5720000000000001,0.8874773876038883,-1.3329505270052144,-6.559448928264146
0.5740000000000001,0.8847984002819297,-1.3460204799993607,-6.510504065872965
0.5760000000000001,0.8820933709325924,-1.3589925782931167,-6.461632609835448
0.578,0.8793624950383431,-1.3718670521781342,-6.412841275187134
0.58,0.8766059677789928,-1.3846439433938837,-6.364049940537029
0.582,0.873823984314835,-1.3973232733313066,-6.315318874381944
0.584,0.8710167395451013,-1.409905289063586,-6.266696857890906
0.586,0.868184427987936,-1.4223900607628406,-6.21807484138526
0.588,0.8653272441298708,-1.4347775984098308,-6.169495847342205
0.59,0.8624453822330415,-1.447068152576879,-6.121058319710514
0.592,0.8595390361029335,-1.4592618316886354,-6.072620792078851
0.594,0.856608399489491,-1.4713586381108243,-6.024205168730873
0.596,0.8536536659619058,-1.4833588099874067,-5.975966707823233
0.598,0.8506750285674893,-1.4952625049421058,-5.927728246915649
0.6,0.8476726802600852,-1.5070697229750065,-5.879489786015483
0.602,0.8446468138572107,-1.518780671438949,-5.831461540856559
0.604,0.8415976216081725,-1.5303955691384175,-5.78343615862218
0.606,0.8385252956145,-1.541914416073425,-5.735410776373442
0.608,0.8354300278807556,-1.5533373808816977,-5.687580877104338
0.61,0.8323120098231217,-1.5646647438103127,-5.63978205151443
0.612,0.8291714326372818,-1.5758965090877486,-5.591983225931926
0.614,0.826008487454154,-1.5870328074705924,-5.544361393862687
0.616,0.8228233648226244,-1.5980739709592895,-5.496802094843133
0.618,0.8196162549827155,-1.609020015849964,-5.449242795827331
0.62,0.8163873481325991,-1.619871037395872,-5.401838454215778
0.622,0.8131368339190879,-1.6306274070206819,-5.354531170571818
0.624,0.8098649015808945,-1.6412891620781405,-5.307223886929819
0.626,0.8065717403263803,-1.6518563661184298,-5.2600461650650345
0.628,0.8032575388639712,-1.6623294152117096,-5.213002928230935
0.63,0.7999224853898493,-1.6727083778313498,-5.165959691400417
0.632,0.7965667680679391,-1.6829932909591983,-5.11901744912069
0.634,0.79319057462951,-1.6931845582760738,-5.07224986776464
0.636,0.78979409219161,-1.7032822904302667,-5.025482286408533
0.638,0.7863775078218626,-1.7132865042041852,-4.978784128167206
0.64,0.782941008232342,-1.7231975917444167,-4.932303412092935
0.642,0.7794847794291728,-1.7330157178525711,-4.885822696018636
0.644,0.7760090073349013,-1.7427408866251932,-4.839376972870923
0.646,0.7725138775963822,-1.7523734575553473,-4.79319395730834
0.648,0.7689995750820341,-1.7619136624543736,-4.747010941745771
0.65,0.7654662845239187,-1.7713615013223425,-4.700825773876545
0.652,0.7619141904529391,-1.7807172780506964,-4.65495095445177
0.654,0.7583434765781419,-1.7899813051401614,-4.609076135045257
0.656,0.7547543263988045,-1.7991535825908558,-4.563201315646211
0.658,0.7511469232752156,-1.8082343504992457,-4.517602983861067
0.66,0.7475214497392113,-1.8172240000238316,-4.472046540697988
0.662,0.7438780880170445,-1.8261225366620701,-4.426490097542228
0.664,0.7402170202444496,-1.834930142015883,-4.381177825043693
0.666,0.7365384277568806,-1.8436472694967163,-4.33594965577322
0.668,0.7328424914706884,-1.8522739406390047,-4.290721486521079
0.67,0.7291293922451005,-1.8608102849622492,-4.245702532871093
0.672,0.7253993101969429,-1.86925679977877,-4.2008122836731445
0.674,0.721652424899651,-1.8776135340969582,-4.1559220344789765
0.676,0.7178889158862476,-1.8858805728088603,-4.111203514246029
0.678,0.7141089620288693,-1.89405843693531,-4.066660612229612
0.68,0.7103127415290423,-1.902147215257782,-4.022117710224052
0.682,0.706500432546375,-1.9101469564894296,-3.977706619447247
0.684,0.7026722126776997,-1.9180581834143893,-3.9335203055330226
0.686,0.6988282587278024,-1.9258810377115736,-3.8893339916223795
0.6880000000000001,0.6949687474383648,-1.9336155412951814,-3.8452372162269626
0.6900000000000001,0.6910938550950978,-1.9412621950936408,-3.8014165822493453
0.6920000000000001,0.6872037570855019,-1.9488212076242173,-3.757595948279004
0.6940000000000001,0.6832986286916835,-1.956292584275715,-3.713820286582404
0.6960000000000001,0.679378644846539,-1.9636767788787262,-3.670374316436238
0.6980000000000001,0.6754439795041287,-1.9709740815414505,-3.6269283462974045
0.7000000000000001,0.6714948064483333,-1.9781844922639156,-3.583480524302331
0.7020000000000001,0.6675312992110175,-1.9853083909213987,-3.5404181331696662
0.704,0.6635536303011695,-1.9923461647966088,-3.4973557420393035
0.706,0.659561971968353,-1.9992978138895496,-3.454293350914213
0.708,0.6555564962896879,-2.0061636354421926,-3.41157251926802
0.71,0.6515373743203771,-2.0129441105626213,-3.3689026011560372
0.712,0.6475047767406618,-2.019639245846826,-3.3262326830515576
0.714,0.643458874119419,-2.026249264282695,-3.2838619464763497
0.716,0.6393998360459765,-2.032774719652043,-3.241593422869755
0.718,0.6353278315988424,-2.0392156379741753,-3.1993248992632743
0.72,0.6312430297867907,-2.0455721771986024,-3.1573109828148063
0.722,0.6271455987158487,-2.0518449410327513,-3.1154528513455944
0.724,0.6230357058335015,-2.058033988603982,-3.0735947198937765
0.726,0.6189135185382754,-2.0641394228723744,-3.03194443098522
0.728,0.6147792034294031,-2.070161873132796,-2.9905058294301625
0.73,0.610632926297213,-2.0761014461900933,-2.949067227875048
0.732,0.6064748528815883,-2.0819582008755346,-2.90778748060427
0.734,0.6023051482446987,-2.0877327661026452,-2.8667777464904987
0.736,0.5981239764968233,-2.0934253118614863,-2.8257680123838327
0.738,0.5939315016725853,-2.0990358645385263,-2.784865860348077
0.74,0.5897278872592941,-2.1045650249993755,-2.7442946004889848
0.742,0.585513295667601,-2.1100130429404858,-2.7037233406298355
0.744,0.5812878891820276,-2.1153799248391127,-2.6632060164429276
0.746,0.5770518296688697,-2.120666214042136,-2.6230831865946627
0.748,0.5728052778229654,-2.125872257585491,-2.582960356739136
0.75,0.5685483941356342,-2.130998055469101,-2.542835312580337
0.752,0.5642813387967429,-2.1360440620860506,-2.5031713043570036
0.754,0.5600042707726343,-2.1410107406865184,-2.4635072961445985
0.756,0.5557173487193411,-2.14589809127061,-2.4238432879287757
0.758,0.5514207310866788,-2.150706469397039,-2.384587967516268
0.76,0.5471145751014617,-2.1554364510641046,-2.3453936995385902
0.762,0.5427990375414464,-2.160088044195185,-2.3061994315610264
0.764,0.5384742750511327,-2.1646615157960647,-2.267363653024546
0.766,0.534140443100883,-2.1691575301291097,-2.228650680030853
0.768,0.5297976965479134,-2.173576118516184,-2.1899377070262744
0.77,0.5254461901658489,-2.177917470455104,-2.151530582797193
0.772,0.521086077643354,-2.18218231224923,-2.113311211312862
0.774,0.5167175118760139,-2.1863707153003675,-2.0750918398232443
0.776,0.5123406457005072,-2.1904828034559842,-2.0371230140719376
0.778,0.5079556309892859,-2.1945193369058433,-1.9994104357916171
0.78,0.5035626186363213,-2.198480445199152,-1.9616978575012354
0.782,0.49916175947447644,-2.2023661992931896,-1.9241775797515288
0.784,0.49475320351510443,-2.2061773628918253,-1.886986018885409
0.786,0.49033709961165695,-2.20991414336873,-1.8497944580263948
0.788,0.48591359652520827,-2.2135765725769083,-1.8127336578337463
0.79,0.48148284234948757,-2.2171653847692676,-1.7760785345276133
0.792,0.4770449838596289,-2.2206808867150114,-1.7394234112215372
0.794,0.4726001676755192,-2.2241230861435817,-1.7028337831171712
0.796,0.468148539903588,-2.2274926518266183,-1.6667318999372043
0.798,0.463690245204057,-2.2307900137433454,-1.6306300167755126
0.8,0.45922542798445876,-2.2340151718937262,-1.5945241186407202
0.802,0.45475423227926853,-2.237168689879201,-1.5589938668394296
0.804,0.450276800598611,-2.240251147361102,-1.5234636150418055
0.806,0.4457932750634932,-2.2432625443393786,-1.4879333632443377
0.808,0.4413037975373617,-2.2462033262140393,-1.4529165597413822
0.81,0.4368085083440826,-2.249074220930913,-1.4179781571418744
0.812,0.4323075472381749,-2.2518752388426018,-1.3830397545423239
0.8140000000000001,0.42780105380601524,-2.2546067180810327,-1.3485570808131797
0.8160000000000001,0.42328916613852435,-2.2572695079935934,-1.3142328317522356
0.8180000000000001,0.41877202153970633,-2.259863649408031,-1.2799085826914052
0.8200000000000001,0.41424975720681,-2.262389385102918,-1.245978193497649
0.8220000000000001,0.40972250893715756,-2.264847656079309,-1.2122927828946217
0.8240000000000001,0.4051904114963735,-2.2672385562345054,-1.178607372289889
0.8260000000000001,0.4006535995735891,-2.269562246110679,-1.1452490635759887
0.8280000000000001,0.3961122065960219,-2.2718197250659427,-1.1122298916889122
0.8300000000000001,0.39156636469888784,-2.274011165677443,-1.0792107198008125
0.8320000000000001,0.3870162059362659,-2.276136660894298,-1.046446117286223
0.834,0.3824618612705364,-2.2781972306887184,-1.0141236771303
0.836,0.3779034601100982,-2.2801931556028268,-0.9818012369695452
0.838,0.3733411317380358,-2.2821244775652296,-0.9496539967783519
0.84,0.3687750045360442,-2.2839921938600622,-0.9180622980665589
0.842,0.3642052050848604,-2.2857967267575034,-0.8864705993619282
0.844,0.3596318597505397,-2.2875380861763577,-0.8549666225260353
0.846,0.35505509419357795,-2.2892171964674106,-0.8241436685156245
0.848,0.3504750320619421,-2.2908346608504315,-0.7933207145016468
0.85,0.3458917966474485,-2.292390479325409,-0.7624883843600401
0.852,0.34130551071981197,-2.2938854444196055,-0.7324767098332678
0.854,0.3367162948853361,-2.295320386164734,-0.7024650352974504
0.856,0.3321242691907191,-2.296695304560794,-0.6724533607618923
0.858,0.3275295533151358,-2.2980108388478913,-0.6431827611702658
0.86,0.3229322647070609,-2.2992680516554316,-0.6140300463805488
0.862,0.31833251997880047,-2.300466959033399,-0.5848773315908602
0.864,0.313730435497866,-2.30160805653396,-0.5563971624701196
0.866,0.3091261254173007,-2.3026926106176115,-0.5281569211652481
0.868,0.30451970270905077,-2.303720684218624,-0.49991667985887034
0.87,0.29991128018615193,-2.3046926406645767,-0.47227103805784054
0.872,0.2953009685411742,-2.3056099150992813,-0.44500339665603406
0.874,0.2906888768826099,-2.306472654251209,-0.41773575525576234
0.876,0.2860751142018059,-2.3072811032427687,-0.39097329173245043
0.878,0.28145978753368334,-2.3080368224065806,-0.36474587207231934
0.88,0.2768430018820725,-2.3087400867310484,-0.3385184524070155
0.882,0.272224862122136,-2.309391040587774,-0.31269284056281776
0.884,0.2676054713960039,-2.309991315181961,-0.2875817536367151
0.886,0.26298493034285725,-2.3105413676023168,-0.2624706667140799
0.888,0.2583633393968909,-2.311041263503354,-0.23764114706978035
0.89,0.2537407975269375,-2.311492636776254,-0.21373212582628298
0.892,0.24911740072848088,-2.311896192006656,-0.18982310458090978
0.894,0.24449324463658242,-2.3122519441458422,-0.16605505668781007
0.896,0.23986842371172964,-2.312561443930823,-0.14344472828892663
0.898,0.23524302900796368,-2.312825723059001,-0.12083439989191902
0.9,0.2306171509665981,-2.313044781530384,-0.09819997401893943
0.902,0.22599087913869984,-2.313219978812596,-0.07699730819442152
0.904,0.2213642993215688,-2.3133527707631676,-0.05579464237530374
0.906,0.21673749632586828,-2.3134431573820935,-0.03459197655479329
0.908,0.21211055432030845,-2.313492262955676,-0.014701404131457707
0.91,0.20748355350628936,-2.3135019937131722,0.004970646635683806
0.912,0.20285657257485676,-2.3134723803691326,0.024642697399258395
0.914,0.19822968977923547,-2.313404315908313,0.04309339836487425
0.916,0.19360297933597986,-2.313300126465178,0.06109604476603181
0.918,0.18897651327690326,-2.3131599317292473,0.07909869116883783
0.92,0.18435036334246252,-2.312984401684268,0.09599468406247524
0.922,0.17972459731280452,-2.3127762358025437,0.11217119767167105
0.924,0.1750992799679372,-2.312535716893584,0.12834771128109423
0.926,0.1704744758665743,-2.312263306570876,0.14356181491814368
0.928,0.16585024582594743,-2.3119620096134614,0.15773514249474374
0.93,0.16122664672589054,-2.3116323660008953,0.17190847007100274
0.932,0.15660373519471069,-2.311274652353059,0.1852998587339698
0.934,0.15198156446976302,-2.3108920825741803,0.1972699201429009
0.936,0.14736018282449587,-2.3104855726724836,0.20923998155285517
0.9380000000000001,0.1427396381201069,-2.3100552494532325,0.22065275238219328
0.9400000000000001,0.13811997528711914,-2.3096044033275467,0.23019337330438816
0.9420000000000001,0.1335012332276246,-2.309134475960015,0.23973399422925468
0.9440000000000001,0.12888345010238034,-2.3086454951506465,0.24899559100572333
0.9460000000000001,0.12426666167355116,-2.3081406485334752,0.25585102616427235
0.9480000000000001,0.11965089664882665,-2.3076220910459884,0.26270646132013553
0.9500000000000001,0.11503618244994736,-2.3070898226881913,0.2696259488270698
0.9520000000000001,0.11042254464379304,-2.3065466898039,0.27350693546403804
0.9540000000000001,0.10581000086538059,-2.3059957949463357,0.2773879221027755
0.9560000000000001,0.10119856663865655,-2.305437138115493,0.28126890873954835
0.9580000000000001,0.09658825612395222,-2.3048731203522306,0.2823333746130601
0.96,0.09197907493618274,-2.3043078743247536,0.28291265286691214
0.962,0.08737102539902447,-2.3037414697407645,0.28349193112057947
0.964,0.08276410888910712,-2.3031758490872205,0.2813992002025145
0.966,0.0781583179274868,-2.302616143456225,0.2783064307965333
0.968,0.07355364019158968,-2.302062623364033,0.2752136613912626
0.97,0.06895006271698985,-2.3015167708817024,0.26965672174321753
0.972,0.0643475636993284,-2.3009846414505253,0.2624727094333821
0.974,0.05974611457250468,-2.300466880043969,0.25528869712320557
0.976,0.055145686272554575,-2.2999645229796926,0.24592690463873623
0.978,0.050546241247162886,-2.2994844190327806,0.23417704227199465
0.98,0.045947732929940276,-2.2990278148106063,0.22242717990638994
0.982,0.04135011417551669,-2.2985953386526075,0.20888265977328047
0.984,0.03675333002807847,-2.298194426511876,0.1920294809565064
0.986,0.03215731399856408,-2.2978272207287813,0.17517630213933444
0.988,0.027561998631619844,-2.297494010858941,0.15702999889640523
0.99,0.02296730962637689,-2.2972025161454344,0.13446471461065812
0.992,0.018373158479992376,-2.296956152000499,0.11189943032491101
0.994,0.013779454927770083,-2.2967549802393163,0.08868677043528805
0.996,0.009186103029417431,-2.296606573820776,0.059719648104334055
0.998,0.004592990009657193,-2.2965161016469,0.030752525772868466
1.0,0.0,-2.2964835637176853,0.001785403441544986
