alpha,beta,published_lambda1,independent_lambda1,published_lambda2,independent_lambda2
0.0,0.0,3.142,3.1415926392996005,6.283,6.283185336793217
50.0,0.0,4.234,4.23396598408759,7.083,7.082563209685189
100.0,0.0,4.778,4.778401262475162,7.649,7.648506620478722
150.0,0.0,5.162,5.162194457346544,8.093,8.092908208651734
200.0,0.0,5.465,5.46519120738302,8.462,8.46245721694281
250.0,0.0,5.719,5.718543492339743,8.781,8.780989840124612
300.0,0.0,5.938,5.937897359285142,9.062,9.062333930388407
0.0,100.0,5.738,5.738446359298652,8.614,8.614234454679833
50.0,100.0,6.029,6.029207074754396,8.969,8.969159570886871
100.0,100.0,6.268,6.268166324692657,9.275,9.274677877890149
150.0,100.0,6.473,6.473084372743289,9.544,9.544152854317206
200.0,100.0,6.554,6.653720250048107,9.786,9.786136026744112
250.0,100.0,6.816,6.816041750197472,10.006,10.006413470789068
300.0,100.0,6.964,6.963983089575423,10.209,10.209080034313335
0.0,200.0,6.746,6.7462483097273385,9.861,9.860672377517103
50.0,200.0,6.934,6.934142481009917,10.105,10.104535356607602
100.0,200.0,7.101,7.100679366079049,10.325,10.325325970185398
150.0,200.0,7.251,7.25092664055756,10.528,10.527585156751618
200.0,200.0,7.388,7.388285603753932,10.715,10.714612844940639
250.0,200.0,7.515,7.515156068315729,10.889,10.88888049557618
300.0,200.0,7.633,7.633298945724416,11.052,11.052287050656233
0.0,300.0,7.437,7.436518811339149,10.76,10.759521971590319
50.0,300.0,7.58,7.579584456654704,10.95,10.949868686112968
100.0,300.0,7.711,7.710650876712483,11.126,11.12647270828254
150.0,300.0,7.832,7.831906555590784,11.291,11.291479364566072
200.0,300.0,7.945,7.944969963322783,11.447,11.446556621216999
250.0,300.0,8.051,8.051073929663694,11.593,11.593026827018626
300.0,300.0,8.151,8.151180778381626,11.732,11.731956285603319
0.0,400.0,7.975,7.975104170107252,11.477,11.476892728548602
50.0,400.0,8.092,8.09234616101458,11.635,11.63501285209377
100.0,400.0,8.202,8.201786285087069,11.784,11.783879950872977
150.0,400.0,8.305,8.304582073086538,11.925,11.924694618281505
200.0,400.0,8.402,8.40164092719061,12.058,12.058431345011996
250.0,400.0,8.494,8.49368828807704,12.186,12.185892072556927
300.0,400.0,8.581,8.581314001898422,12.308,12.307744874619145
