alpha,beta,mode,published_lambda,independent_FE_lambda,FE_difference,FE_relative_difference_percent,eq10_lambda,eq10_error_from_printed_table1_percent,eq10_error_from_independent_FE_percent,published_table2_error_percent
0.0,0.0,1,3.142,3.1415926392996005,-0.0004073607003993729,-0.012965012743455535,3.141592653589793,-0.012964557931470022,4.548709595905872e-07,0.0
0.0,0.0,2,6.283,6.283185336793217,0.0001853367932165284,0.0029498136752590864,6.283185307179586,0.002949342345788152,-4.7131556800297936e-07,0.0
0.0,0.0,3,9.425,9.424778217055687,-0.000221782944313631,-0.002353134687677782,9.42477796076938,-0.00235585390579695,-2.7192821075382407e-06,0.0
0.0,0.0,4,12.566,12.566371701054852,0.00037170105485095917,0.002957990250286162,12.566370614359172,0.002949342345788152,-8.647648701404473e-06,0.0
0.0,0.0,5,15.708,15.707966585809157,-3.3414190843572555e-05,-0.0002127208482529447,15.707963267948966,-0.0002338429528558999,-2.1122149534170814e-05,0.0
0.0,100.0,1,5.738,5.738446359298652,0.0004463592986514442,0.0077790048562468486,5.738446361403403,0.007779041537164243,3.66780642065459e-08,0.0
0.0,100.0,2,8.614,8.614234454679833,0.00023445467983229662,0.0027217863922950614,8.614234439810714,0.0027216137765617297,-1.7261103522786807e-07,0.0
0.0,100.0,3,11.38,11.38023605203723,0.00023605203722887325,0.002074270977406619,11.380235905449918,0.0020729828639516248,-1.2880867365848303e-06,0.0
0.0,100.0,4,14.206,14.20605675897519,5.6758975190973615e-05,0.0003995422722157794,14.206056006476578,0.0003942452243996809,-5.297026652237821e-06,0.0
0.0,100.0,5,17.103,17.102556131365827,-0.0004438686341750042,-0.0025952676967491324,17.10255356011889,-0.00261030159102518,-1.503428445597508e-05,0.0
0.0,200.0,1,6.746,6.7462483097273385,0.00024830972733802525,0.0036808438680406945,6.746248310624977,0.0036808571742726545,1.3305742196800802e-08,0.0
0.0,200.0,2,9.861,9.860672377517103,-0.0003276224828976382,-0.0033224062762157807,9.86067236834743,-0.003322499265496999,-9.299237080221538e-08,0.0
0.0,200.0,3,12.656,12.655951564153286,-4.8435846714767194e-05,-0.0003827105461027749,12.655951456921448,-0.0003835578267414571,-8.472838813269449e-07,0.0
0.0,200.0,4,15.419,15.418762546310768,-0.00023745368923222543,-0.0015400070642209314,15.418761957213887,-0.0015438276549304335,-3.8206495477748985e-06,0.0
0.0,200.0,5,13.221,18.22106367956287,5.000063679562871,37.819103544080406,18.221061552876808,37.81908745841319,-1.16715802118303e-05,0.0
0.0,300.0,1,7.437,7.436518811339149,-0.00048118866085111733,-0.006470198478568204,7.436518809761287,-0.006470219694949612,-2.1217754238282233e-08,0.0
0.0,300.0,2,10.76,10.759521971590319,-0.00047802840968103055,-0.004442643212648983,10.759521964642389,-0.00444270778449128,-6.457471112094689e-08,0.0
0.0,300.0,3,13.632,13.632468836875187,0.00046883687518750605,0.003439237640753419,13.632468751443847,0.0034386109437153883,-6.266754851713294e-07,0.0
0.0,300.0,4,16.398,16.39837626710044,0.0003762671004388096,0.0022945914162630174,16.39837577698525,0.0022916025445253313,-2.9888031568657715e-06,0.0
0.0,300.0,5,19.165,19.16484070894241,-0.00015929105758871742,-0.0008311560531631486,19.16483888039781,-0.0008406971155219692,-9.541141660597016e-06,0.0
0.0,400.0,1,7.975,7.975104170107252,0.00010417010725216613,0.001306208241406472,7.975104170294965,0.001306210595173949,2.3537367322866985e-09,0.0
0.0,400.0,2,11.477,11.476892728548602,-0.00010727145139810546,-0.0009346645586660752,11.476892722806806,-0.0009347145873876199,-5.002918914987964e-08,0.0
0.0,400.0,3,14.435,14.435247611558811,0.0002476115588105898,0.0017153554472503624,14.435247540087378,0.0017148603212841956,-4.951174731422347e-07,0.0
0.0,400.0,4,17.228,17.228469302011096,0.0004693020110941859,0.0027240655392047008,17.228468879621428,0.0027216137765617297,-2.4516958571688783e-06,0.0
0.0,400.0,5,19.987,19.986761154553832,-0.00023884544616592507,-0.0011950039834188477,19.98675954217101,-0.0012030711411765743,-8.067254161735196e-06,0.0
50.0,0.0,1,4.234,4.23396598408759,-3.401591241036783e-05,-0.0008033989704857779,4.307117219905357,1.7269064691865117,1.7277237486718073,1.73
50.0,0.0,2,7.083,7.082563209685189,-0.0004367903148114749,-0.006166741702830368,7.103028003238289,0.2827615874387785,0.2889461477041981,0.28
50.0,0.0,3,10.02,10.020441979743797,0.00044197974379756033,0.004410975487001601,10.027584991191265,0.07569851488288966,0.07128439505869598,0.08
50.0,0.0,4,13.034,13.0335079679048,-0.0004920320952006563,-0.0037749892220397133,13.036664022578641,0.020439025461412554,0.024214928794404383,0.02
50.0,0.0,5,16.09,16.089926732257506,-7.32677424934991e-05,-0.00045536197944996335,16.0915683858098,0.009747581167189481,0.010202989607174882,0.01
50.0,100.0,1,6.029,6.029207074754396,0.00020707475439607492,0.0034346451218456612,6.040229739165875,0.18626205284251665,0.18282112846370052,0.19
50.0,100.0,2,8.969,8.969159570886871,0.00015957088687201804,0.00177913799612017,8.976709354906019,0.08595556813490275,0.08417493255057437,0.09
50.0,100.0,3,11.735,11.735271052974111,0.0002710529741118961,0.002309782480714922,11.739535538199226,0.03864966509779508,0.03633904326422518,0.04
50.0,100.0,4,14.536,14.536088408951088,8.840895108797042e-05,0.000608206873197375,14.538460314043983,0.016925660731858472,0.0163173546153888,0.02
50.0,100.0,5,17.401,17.401443730294773,0.0004437302947728483,0.002550027554582198,17.402826654444542,0.010497410749626124,0.007947180539750347,0.01
50.0,200.0,1,6.934,6.934142481009917,0.0001424810099166507,0.002054816987549044,6.938756392092201,0.06859521332853925,0.06653902908571721,0.07
50.0,200.0,2,10.105,10.104535356607602,-0.0004646433923980453,-0.004598153314181546,10.108518113285507,0.0348155693766144,0.039415535077528416,0.03
50.0,200.0,3,12.919,12.918571716853624,-0.00042828314637688436,-0.0033151416237857754,12.92135165971607,0.018203109498175718,0.021518964506110842,0.02
50.0,200.0,4,15.679,15.679437507199664,0.00043750719966340057,0.0027904024469889697,15.681230906411033,0.014228626896054641,0.011437905285476701,0.01
50.0,200.0,5,18.47,18.469648123750133,-0.00035187624986576793,-0.0019051231719857495,18.470797179240563,0.00431607601821389,0.006221317713965011,0.0
50.0,300.0,1,7.58,7.579584456654704,-0.00041554334529614323,-0.005482102180687906,7.582176129592723,0.028708833677080884,0.03419281034257022,0.03
50.0,300.0,2,10.95,10.949868686112968,-0.0001313138870315811,-0.0011992135801970876,10.952364487551156,0.02159349361787044,0.02279298053458543,0.02
50.0,300.0,3,13.845,13.844542040769188,-0.0004579592308129321,-0.0033077589802306398,13.846503581049284,0.010860101475499767,0.014168329109908888,0.01
50.0,300.0,4,16.616,16.61635687284648,0.00035687284648133755,0.002147766288404776,16.61775328455971,0.010551784784013528,0.008403838000809237,0.01
50.0,300.0,5,19.379,19.37929860179196,0.000298601791957509,0.0015408524276665926,19.380260206093123,0.006502946968994769,0.004962018083952069,0.0
50.0,400.0,1,8.092,8.09234616101458,0.0003461610145798488,0.004277817777803371,8.094027948707723,0.025061155557614435,0.020782448744524007,0.03
50.0,400.0,2,11.635,11.63501285209377,1.285209376966634e-05,0.00011046062543761357,11.636739676746679,0.01495209924090119,0.014841622221314844,0.01
50.0,400.0,3,14.615,14.61491040869869,-8.959130131103166e-05,-0.000613009246055639,14.616374960153038,0.009407869675252643,0.010020940350599174,0.01
50.0,400.0,4,17.417,17.417191103602608,0.00019110360260654602,0.00109722456569183,17.418309059268736,0.0075159859260194835,0.0064186909328739425,0.01
50.0,400.0,5,20.176,20.176356121716662,0.00035612171666343784,0.001765075915262876,20.177170263957013,0.005800277344441829,0.004035130206067537,0.0
100.0,0.0,1,4.778,4.778401262475162,0.0004012624751625893,0.008398126311481569,4.930336184173715,3.188283469521043,3.179618314847257,3.19
100.0,0.0,2,7.649,7.648506620478722,-0.0004933795212780367,-0.006450248676664097,7.709380978606943,0.7893970271531359,0.7958986132695699,0.79
100.0,0.0,3,10.513,10.512890137070736,-0.00010986292926418173,-0.001045019778028933,10.537888769155252,0.23674278659994463,0.23779029133354823,0.24
100.0,0.0,4,13.449,13.44915309690733,0.000153096907329342,0.0011383516047984384,13.460949449889103,0.08885009955463821,0.08771074949311533,0.09
100.0,0.0,5,16.443,16.443226450070135,0.0002264500701336658,0.0013771822060066033,16.449549247514557,0.03983000373749376,0.038452291973364305,0.04
100.0,100.0,1,6.268,6.268166324692657,0.00016632469265687178,0.0026535528503010813,6.302551620599827,0.5512383631114723,0.5485702536595694,0.55
100.0,100.0,2,9.275,9.274677877890149,-0.0003221221098517191,-0.00347301466147406,9.299934107288339,0.26883134542682724,0.27231381758711126,0.27
100.0,100.0,3,12.053,12.053377766795766,0.00037776679576495553,0.0031342138535215757,12.068579754223364,0.12926038516023852,0.12612221836667653,0.13
100.0,100.0,4,14.841,14.840685404408948,-0.00031459559105151413,-0.002119773539866007,14.849511761469724,0.05735301846051471,0.05947405271561327,0.06
100.0,100.0,5,17.683,17.683028155465102,2.8155465102486232e-05,0.00015922335068985032,17.688315087882327,0.03005761399268624,0.029898343036852803,0.03
100.0,200.0,1,7.101,7.100679366079049,-0.0003206339209507192,-0.004515334754974217,7.116456641542655,0.21766851911920737,0.22219388667196993,0.22
100.0,200.0,2,10.325,10.325325970185398,0.00032597018539881617,0.0031570962266229173,10.339367728699303,0.13915475737824295,0.1359933677101396,0.14
100.0,200.0,3,13.161,13.161202396921944,0.0002023969219440147,0.0015378536733076113,13.171337760435213,0.07854844187533838,0.07700940391008394,0.08
100.0,200.0,4,15.924,15.924423050847869,0.00042305084786953273,0.002656687062732559,15.931145241505297,0.0448708961648898,0.042213087632519325,0.04
100.0,200.0,5,18.706,18.70639779497119,0.0003977949711888584,0.002126563515390027,18.710795226046745,0.025634695000242846,0.023507631580136305,0.03
100.0,300.0,1,7.711,7.710650876712483,-0.00034912328751701693,-0.004527600668097743,7.719892058539948,0.11531654182268779,0.11984956880066328,0.12
100.0,300.0,2,11.126,11.12647270828254,0.00047270828254042385,0.004248681309908538,11.135527208079871,0.08563012834686178,0.08137798954552103,0.09
100.0,300.0,3,14.044,14.04378330230369,-0.000216697696309609,-0.0015429912867388849,14.051049387512503,0.05019501219383645,0.05173880180577906,0.05
100.0,300.0,4,16.823,16.823498024613986,0.000498024613985848,0.0029603793258387206,16.82877126190721,0.03430578319687267,0.03134447595564797,0.03
100.0,300.0,5,19.585,19.58503781044994,3.7810449939001955e-05,0.0001930582075006482,19.588728458110545,0.0190373148355573,0.018844220247742825,0.02
100.0,400.0,1,8.202,8.201786285087069,-0.00021371491293109557,-0.002605643903085779,8.207929408610559,0.07229222885343568,0.07489982437922883,0.07
100.0,400.0,2,11.784,11.783879950872977,-0.00012004912702323622,-0.0010187468348882912,11.790258336244348,0.05310875971102262,0.054128057973788314,0.05
100.0,400.0,3,14.786,14.78552128926342,-0.0004787107365800125,-0.003237594593399246,14.791008552521143,0.033873613696358905,0.03711240983913258,0.03
100.0,400.0,4,17.598,17.597889015032216,-0.00011098496778316758,-0.0006306680746855756,17.602137509877313,0.023511250581394257,0.024142070912413646,0.02
100.0,400.0,5,20.359,20.359203479273113,0.00020347927311092917,0.0009994561280560399,20.362337979695766,0.01639559750363308,0.015395987499436502,0.02
150.0,0.0,1,5.162,5.162194457346544,0.00019445734654421898,0.003767093113991069,5.379760982321194,4.218538983362928,4.2146131218482425,4.22
150.0,0.0,2,8.093,8.092908208651734,-9.179134826631241e-05,-0.0011342067004363329,8.199187888492625,1.3120954960166256,1.3132445976252813,1.31
150.0,0.0,3,10.934,10.934011935208794,1.1935208794611185e-05,0.00010915683916783598,10.983267522181919,0.45059010592573107,0.4504804573563349,0.45
150.0,0.0,4,13.824,13.823845106677913,-0.00015489332208673545,-0.0011204667396320562,13.848530021992334,0.17744518223621,0.17856764976696546,0.18
150.0,0.0,5,16.772,16.771944271182615,-5.572881738302726e-05,-0.0003322729393216508,16.78557566309816,0.08094242247890827,0.08127496547294663,0.08
150.0,100.0,1,6.473,6.473084372743289,8.437274328887412e-05,0.0013034565624729512,6.535688039187748,0.9684541817974324,0.9671381190096788,0.97
150.0,100.0,2,9.544,9.544152854317206,0.00015285431720535314,0.0016015749916738593,9.592588914108799,0.5091042970326703,0.5074945941344928,0.51
150.0,100.0,3,12.342,12.342025537643002,2.5537643001172228e-05,0.00020691656944719032,12.372718806152228,0.24889650099034097,0.24868906984200187,0.25
150.0,100.0,4,15.124,15.123658534228472,-0.000341465771528604,-0.002257774210054245,15.142160292501885,0.12007598850756415,0.12233652480012479,0.12
150.0,100.0,5,17.949,17.949258289629174,0.00025828962917273657,0.0014390196065114298,17.96061341800086,0.06470231211131179,0.06326238214671773,0.06
150.0,200.0,1,7.251,7.25092664055756,-7.335944244069026e-05,-0.0010117148316189527,7.281761736565264,0.4242412986521022,0.4252573158750584,0.42
150.0,200.0,2,10.528,10.527585156751618,-0.0004148432483823683,-0.003940380398768695,10.55571474793318,0.2632479856874986,0.26719889473914127,0.26
150.0,200.0,3,13.387,13.386958656575251,-4.1343424749484825e-05,-0.00030883263426820663,13.407849542107389,0.15574469341442018,0.15605400799439215,0.16
150.0,200.0,4,16.156,16.155622687708,-0.00037731229199877703,-0.0023354313691432106,16.169822665502885,0.085557474021329,0.08789495811689596,0.09
150.0,200.0,5,18.932,18.932436000806515,0.00043600080651629014,0.0023029833431031594,18.941898053212306,0.05228213190527778,0.04997799757721521,0.05
150.0,300.0,1,7.832,7.831906555590784,-9.344440921577046e-05,-0.0011931104343178046,7.850608853073662,0.2376002690712703,0.23879622860830838,0.24
150.0,300.0,2,11.291,11.291479364566072,0.0004793645660718937,0.004245545709608482,11.310073167512247,0.16892363397614393,0.16467109707983843,0.17
150.0,300.0,3,14.232,14.231837899508454,-0.00016210049154530282,-0.0011389860282834657,14.247033287373327,0.1056301810942078,0.10677038322223852,0.11
150.0,300.0,4,17.021,17.020917515193005,-8.248480699535321e-05,-0.00048460611594708424,17.03213721640479,0.06543220965155223,0.06591713520596798,0.07
150.0,300.0,5,19.783,19.78278057708855,-0.0002194229114529378,-0.0011091488219832067,19.790745770491746,0.03915366977579216,0.040263265177306766,0.04
150.0,400.0,1,8.305,8.304582073086538,-0.00041792691346209665,-0.005032232552222717,8.317277206147178,0.14782909268125866,0.15286901795796534,0.15
150.0,400.0,2,11.925,11.924694618281505,-0.0003053817184959229,-0.0025608529852907576,11.938004118420473,0.10904921107314139,0.11161292230128486,0.11
150.0,400.0,3,14.948,14.948070677965921,7.067796592075126e-05,0.000472825568107782,14.959666888642607,0.07804983036263423,0.07757663799234715,0.08
150.0,400.0,4,17.771,17.771286531723643,0.00028653172364201396,0.0016123556560802088,17.780380517371615,0.0527855347004342,0.0511723539640105,0.05
150.0,400.0,5,20.536,20.53580188407213,-0.00019811592787277732,-0.0009647250091194843,20.542587659941063,0.032078593402130276,0.03304363719148167,0.03
200.0,0.0,1,5.465,5.46519120738302,0.00019120738302014217,0.0034987627268095547,5.738446361403403,5.003593072340403,4.999919374298155,5.0
200.0,0.0,2,8.462,8.46245721694281,0.00045721694280942415,0.005403178241661832,8.614234439810714,1.7990361594270154,1.7935360732344883,1.8
200.0,0.0,3,11.303,11.303100446031227,0.00010044603122594253,0.0008886670019104886,11.380235905449918,0.6833221750855317,0.6824274435761182,0.68
200.0,0.0,4,14.165,14.165294523633538,0.00029452363353854594,0.0020792349702685913,14.206056006476578,0.2898412035056731,0.2877559854123267,0.29
200.0,0.0,5,17.079,17.079387524833415,0.0003875248334139769,0.0022690136039228113,17.10255356011889,0.13790948017382676,0.1356373889390969,0.14
200.0,100.0,1,6.554,6.653720250048107,0.09972025004810714,1.5215173946919003,6.746248310624977,2.9332973851842628,1.3906214433376647,1.39
200.0,100.0,2,9.786,9.786136026744112,0.00013602674411217208,0.00139001373505183,9.86067236834743,0.7630530180608054,0.7616524172525403,0.76
200.0,100.0,3,12.607,12.606668763178417,-0.00033123682158198164,-0.002627403994463248,12.655951456921448,0.38828791085467496,0.3909255860436013,0.39
200.0,100.0,4,15.388,15.388058815329718,5.8815329717631926e-05,0.0003822155557423442,15.418761957213887,0.19990874196703184,0.19952576379278258,0.2
200.0,100.0,5,18.202,18.20179111292103,-0.0002088870789727082,-0.0011476050926970012,18.221061552876808,0.10472229907046658,0.10587111914551861,0.1
200.0,200.0,1,7.388,7.388285603753932,0.00028560375393205106,0.0038657790191127645,7.436518809761287,0.6567245500986325,0.6528335339777336,0.66
200.0,200.0,2,10.715,10.714612844940639,-0.00038715505936082195,-0.0036132063402783197,10.759521964642389,0.41551063595323073,0.4191389866499492,0.42
200.0,200.0,3,13.598,13.598288151946457,0.00028815194645659403,0.002119075940995691,13.632468751443847,0.2534839788486998,0.2513595764073951,0.25
200.0,200.0,4,16.375,16.374626738842608,-0.000373261157392335,-0.0022794574497241836,16.39837577698525,0.14275283655115084,0.14503560002566457,0.14
200.0,200.0,5,19.149,19.148742972091203,-0.00025702790879833515,-0.0013422523828833628,19.16483888039781,0.08271387747563033,0.08405725811906378,0.08
200.0,300.0,1,7.945,7.944969963322783,-3.003667721745984e-05,-0.00037805761129590734,7.975104170294965,0.37890711510339187,0.37928660663657277,0.38
200.0,300.0,2,11.447,11.446556621216999,-0.00044337878300027,-0.0038733186249695992,11.476892722806806,0.26114023592912256,0.265023819771064,0.26
200.0,300.0,3,14.41,14.410054478679912,5.447867991215105e-05,0.0003780616232626721,14.435247540087378,0.17520846694918618,0.17482974436175402,0.18
200.0,300.0,4,17.21,17.20957398072163,-0.0004260192783718253,-0.0024754170736305944,17.228468879621428,0.1073148147671513,0.10979294967420376,0.11
200.0,300.0,5,19.973,19.97316787357186,0.00016787357186132112,0.0008405025377325446,19.98675954217101,0.06889071331804128,0.06804963882136753,0.07
200.0,400.0,1,8.402,8.40164092719061,-0.0003590728093900708,-0.004273658764461685,8.422474736510917,0.2436888420723415,0.24797309836085482,0.24
200.0,400.0,2,12.058,12.058431345011996,0.0004313450119965978,0.0035772517166743887,12.08045947833175,0.18626205284251665,0.18267826626442635,0.19
200.0,400.0,3,15.103,15.103394007848747,0.0003940078487474352,0.00260880519597057,15.122806292985834,0.13114144862500038,0.1285292903502248,0.13
200.0,400.0,4,17.938,17.938015676381088,1.5676381089235747e-05,8.739202301948795e-05,17.953418709812038,0.08595556813490275,0.08586810107001261,0.09
200.0,400.0,5,20.707,20.70659931071581,-0.0004006892841914578,-0.0019350426628263763,20.718213702148386,0.05415416114543561,0.0560902891792873,0.05
250.0,0.0,1,5.719,5.718543492339743,-0.00045650766025762124,-0.007982298658115427,6.040229739165875,5.61688650403698,5.625317832364943,5.62
250.0,0.0,2,8.781,8.780989840124612,-1.01598753889931e-05,-0.00011570294259188132,8.976709354906019,2.2287820852524574,2.228900367098361,2.23
250.0,0.0,3,11.633,11.632594625814107,-0.00040537418589181584,-0.003484691703703395,11.739535538199226,0.9158045061396592,0.9193212333541118,0.92
250.0,0.0,4,14.479,14.479275279359367,0.00027527935936788595,0.0019012318486627939,14.538460314043983,0.41066588883198657,0.4087568855672318,0.41
250.0,0.0,5,17.368,17.368265441946157,0.0002654419461585178,0.0015283391648924333,17.402826654444542,0.20052196248585727,0.19899058206996464,0.2
250.0,100.0,1,6.816,6.816041750197472,4.175019747254538e-05,0.0006125322399141048,6.938756392092201,1.8010034051085861,1.800379844961681,1.8
250.0,100.0,2,10.006,10.006413470789068,0.00041347078906817103,0.00413222855354958,10.108518113285507,1.0245663930192594,1.0203919995361468,1.02
250.0,100.0,3,12.851,12.851387580939843,0.000387580939841925,0.00301595937936289,12.92135165971607,0.5474411307763516,0.544408752250163,0.55
250.0,100.0,4,15.636,15.636354505420119,0.00035450542011972175,0.0022672385528250305,15.681230906411033,0.28927415202758666,0.2870004064908989,0.29
250.0,100.0,5,18.442,18.44204258555199,4.258555199143643e-05,0.00023091612618716207,18.470797179240563,0.1561499796148075,0.15591870344719033,0.16
250.0,200.0,1,7.515,7.515156068315729,0.0001560683157295628,0.0020767573616708294,7.582176129592723,0.8938939400229291,0.8917986621668905,0.89
250.0,200.0,2,10.889,10.88888049557618,-0.00011950442381980508,-0.0010974784077491513,10.952364487551156,0.5819128253389362,0.5830167022291058,0.58
250.0,200.0,3,13.797,13.79714311591232,0.00014311591231930265,0.001037297327819835,13.846503581049284,0.3587996017198158,0.3577585933716669,0.36
250.0,200.0,4,16.583,16.582773086741156,-0.00022691325884238722,-0.001368348663344312,16.61775328455971,0.20957175758133598,0.210942992680301,0.21
250.0,200.0,5,19.356,19.356176993456103,0.0001769934561011155,0.0009144113251762527,19.380260206093123,0.12533687793511666,0.12442132888721813,0.13
250.0,300.0,1,8.051,8.051073929663694,7.392966369401677e-05,0.0009182668450380918,8.094027948707723,0.5344422892525467,0.5335191232782875,0.53
250.0,300.0,2,11.593,11.593026827018626,2.68270186261077e-05,0.00023140704413100754,11.636739676746679,0.37729385617768196,0.377061576586502,0.38
250.0,300.0,3,14.58,14.579550486741963,-0.0004495132580366601,-0.0030830813308412902,14.616374960153038,0.24948532340904195,0.2525761918693009,0.25
250.0,300.0,4,17.39,17.39029398423664,0.0002939842366380674,0.0016905361508802036,17.418309059268736,0.1627892999927305,0.16109604045504877,0.16
250.0,300.0,5,20.157,20.156770074984866,-0.00022992501513385832,-0.0011406708098122653,20.177170263957013,0.10006580322971144,0.10120762848539915,0.1
250.0,400.0,1,8.494,8.49368828807704,-0.00031171192295964545,-0.003669789533313462,8.523871931806346,0.35168273847828874,0.35536556918006496,0.35
250.0,400.0,2,12.186,12.185892072556927,-0.00010792744307330793,-0.0008856675125004754,12.218046385732901,0.2629770698580418,0.2638650743377825,0.26
250.0,400.0,3,15.252,15.252201790308492,0.00020179030849121204,0.0013230416239916867,15.280830607559311,0.18902837371695874,0.18770284870614926,0.19
250.0,400.0,4,18.099,18.09863099603739,-0.00036900396261074775,-0.0020388085673835447,18.121593476856024,0.12483273581978917,0.12687413110782755,0.12
250.0,400.0,5,20.872,20.871999121251196,-8.787488035011393e-07,-4.210180162424009e-06,20.889483723596616,0.08376640282012206,0.08377061652717836,0.08
300.0,0.0,1,5.938,5.937897359285142,-0.00010264071485810433,-0.001728540162649113,6.302551620599827,6.1392997743318825,6.141134466470226,6.14
300.0,0.0,2,9.062,9.062333930388407,0.00033393038840756617,0.003684952421182589,9.299934107288339,2.625624666611556,2.6218431005195613,2.63
300.0,0.0,3,11.931,11.930940397552941,-5.9602447057827135e-05,-0.000499559526090245,12.068579754223364,1.1531284403936404,1.1536337630070899,1.15
300.0,0.0,4,14.77,14.77020252982823,0.00020252982823087962,0.0013712242940479326,14.849511761469724,0.5383328467821579,0.5369542596408539,0.54
300.0,0.0,5,17.641,17.640818362817836,-0.00018163718216257507,-0.0010296308721873765,17.688315087882327,0.26821091708139166,0.2692433201659248,0.27
300.0,100.0,1,6.964,6.963983089575423,-1.691042457707681e-05,-0.00024282631500684677,7.116456641542655,2.1892108205435736,2.1894589634411004,2.19
300.0,100.0,2,10.209,10.209080034313335,8.003431333492017e-05,0.0007839584027321009,10.339367728699303,1.276988232924902,1.2761942696899575,1.28
300.0,100.0,3,13.079,13.079302771106489,0.00030277110648846417,0.0023149407943150405,13.171337760435213,0.7060001562444548,0.7036689259311164,0.71
300.0,100.0,4,15.871,15.870563294138426,-0.00043670586157418256,-0.0027515963806576936,15.931145241505297,0.37896314980339046,0.38172524972220356,0.38
300.0,100.0,5,18.671,18.671228972237707,0.00022897223770712571,0.0012263522987902402,18.710795226046745,0.21313923221437295,0.21191028114897845,0.21
300.0,200.0,1,7.633,7.633298945724416,0.0002989457244160221,0.00391649055962298,7.719892058539948,1.138373621642182,1.1344127019161812,1.14
300.0,200.0,2,11.052,11.052287050656233,0.0002870506562331343,0.002597273400589344,11.135527208079871,0.7557655454204821,0.7531487106887632,0.76
300.0,200.0,3,13.985,13.985102542404704,0.00010254240470430886,0.0007332313529088943,14.051049387512503,0.4722873615481119,0.47155067263782635,0.47
300.0,200.0,4,16.781,16.781195141836072,0.00019514183607327595,0.001162873702838186,16.82877126190721,0.2846747029808205,0.28350853243181334,0.28
300.0,200.0,5,19.555,19.55549225922992,0.0004922592299188011,0.002517306212829461,19.588728458110545,0.17247996988261333,0.16995838529679155,0.17
300.0,300.0,1,8.151,8.151180778381626,0.00018077838162611215,0.002217867520869981,8.207929408610559,0.6984346535463005,0.6962013452019155,0.7
300.0,300.0,2,11.732,11.731956285603319,-4.3714396680272216e-05,-0.0003726082226412565,11.790258336244348,0.49657634030300285,0.4969508002051881,0.5
300.0,300.0,3,14.741,14.741261132169084,0.00026113216908463244,0.0017714684830380056,14.791008552521143,0.3392480328413511,0.33747058617323944,0.34
300.0,300.0,4,17.564,17.56379402779337,-0.00020597220662921245,-0.0011726953235550697,17.602137509877313,0.21713453585352244,0.21830979128579078,0.22
300.0,300.0,5,20.334,20.334096157149624,9.615714962407651e-05,0.000472888510003327,20.362337979695766,0.13936254399413195,0.13888899869401214,0.14
300.0,400.0,1,8.581,8.581314001898422,0.0003140018984222337,0.003659269297543803,8.621774481026264,0.4751716702746173,0.4714951476998943,0.48
300.0,400.0,2,12.308,12.307744874619145,-0.0002551253808551479,-0.0020728418984006167,12.351136216670172,0.3504729986201827,0.35255314838795726,0.35
300.0,400.0,3,15.395,15.39510295809107,0.00010295809106963816,0.0006687761680392216,15.434099093826372,0.2539726783135607,0.25330220812072046,0.25
300.0,400.0,4,18.254,18.25362117933883,-0.00037882066117234103,-0.002075274795509702,18.28521228712771,0.17098875384961265,0.17306762027382508,0.17
300.0,400.0,5,21.032,21.032365366299313,0.0003653662993130524,0.0017371923702598538,21.05664177730168,0.11716326217992391,0.11542406467161916,0.12
