path,classification,modified_by,before_sha256,after_sha256,mechanism
papers/P16/results/engiproof_verification.json,NUMERICAL_NONMATERIAL,verify P16 | verify-all | unittest,71ac72f26fc07638e9bd8eb8720bd344f66053e28181a65fa7306e38a30335dc,0928e74782178e61c7cf4ec79c2e7680c594e8414f2ccfdf214d43c60e23f060,3 floats differ at <=1.4e-16 rel (e.g. 406.4 -> 406.40000000000003); also inherited_result_sha256 taken over CRLF checkout bytes (ENVIRONMENT_METADATA)
papers/P29/results/engiproof_verification.json,ENVIRONMENT_METADATA,verify P29 | verify-all | unittest,63475dca76e9a72ce82e0d8d02d7bd3b134dc189ad3c4d72bbdcdde207693baf,905ba760a04abfe46cb62731f432c9238d919f0e828feb0ed80a11d320aaecdc,"inherited_surface_sha256 and inherited_independent_checks_sha256 were taken over CRLF checkout bytes; same content, LF checkout gives a different hash"
papers/P36/results/engiproof_verification.json,ENVIRONMENT_METADATA,verify P36 | verify-all | unittest,5f791d1ea1a4feb5d964a62a0ca67b267d8ccb1cc1dea0b0bd4af963439f60fa,596f70fc247c4a7552bf20ce1a8e4d5edd89792529f8397c97e2f6e2b79c7482,inherited_result_sha256 taken over CRLF checkout bytes
papers/P38/results/calculated_curves.csv,BYTE_ONLY,verify P38 | verify-all | unittest,2ca035d11e7d9eff0f92690092ebe01224318bf259edd9a11ab0f5bfab6726f4,c960044022247ad61d8fe6915588926b68326b316e471e5ab829632407279330,runner writes CRLF (csv.writer default); git stores LF; values identical after newline normalisation
papers/P38/results/engiproof_reproduction_manifest.json,ENVIRONMENT_METADATA,verify P38 | verify-all | unittest,95172fee9a88722e17bf56a5f0a990f74925fea1278dbb09532aeb6a8331717c,9d3865dd30ffbbd0cb3c45c5b297c6414ab613dd67ac8de4f4cbbc05e7759342,"python 3.13.5 -> 3.11.15, numpy 2.3.5 -> 2.4.4, input hash of reference/pixel_points.csv (frozen hash = CRLF rendering). result_sha256 entries unchanged"
papers/P38/results/independent_work_checks.csv,BYTE_ONLY,verify P38 | verify-all | unittest,fade6b7d53c05e312b47deda25ebacf0fd03b73320ae9517ae7b684820d867e8,e72613cda7b67aa7e641ce62b4bae1fb5b2281b788042a971d826c6268d69b8e,runner writes CRLF (csv.writer default); git stores LF; values identical after newline normalisation
papers/P38/results/reference_comparisons.csv,BYTE_ONLY,verify P38 | verify-all | unittest,ebd78fae9f1e884e4e2a95798a71e7b5104482a7499fec1a506b917826538415,4d090d3a4d98fe1ea591984575fdcba50fd21a0b3f5aa4a61d5b009040532118,runner writes CRLF (csv.writer default); git stores LF; values identical after newline normalisation
papers/P38/results/table2_check.csv,BYTE_ONLY,verify P38 | verify-all | unittest,9db6ad81e36628dd3f8cf7751b9bdd18ebd5288febbddb06bbd09f09140b9823,dcedb023b568b70c9efa56e50584d4a82b1fed9d299a74909c97483e5d6c90cc,runner writes CRLF (csv.writer default); git stores LF; values identical after newline normalisation
papers/P40/results/table2_reproduction.csv,BYTE_ONLY,verify P40 | unittest,17931e895fece56d1f4cc042e8b90196034a872918bf6fa578b556268d2dcb38,dc396a60268f861347cd18618800a91dd53ba7a8e93f11cc5f5421e246be6a50,runner writes CRLF (csv.writer default); git stores LF; values identical after newline normalisation
papers/P41/results/table2_reproduction.csv,BYTE_ONLY,verify P41 | unittest,c6c31932f8bd878872d5d7f685145223a6f7ce9a6007f1a8d7dfef501e73b18e,cd8049621b140b4b720c66d52610f129e4a74838a7df0ecf5ec31995dc54e54d,runner writes CRLF (csv.writer default); git stores LF; values identical after newline normalisation
papers/P42/results/equation42_continuum_curve.csv,BYTE_ONLY,verify P42 | unittest,c885702f01bbbc642508b33cf5867faf085044acf073725f7a6f5e25b640d6f6,b1e50493e741045bdccfa42b487c72760cb29d90932accf40166f11171601270,runner writes CRLF (csv.writer default); git stores LF; values identical after newline normalisation
papers/P42/results/phase2_analytical_stress_curves.csv,NUMERICAL_NONMATERIAL,verify P42 | unittest,8fc1549d049e3b01e0ffe42def6dcd68d9b77cc8732912acd23b76a65ca2d883,cb4bc6e7f54e804b17c9fc0c8ee8e3b8f6544a4377df05db3f33e7871dd30760,floats differ at <=5.4e-16 rel
papers/P42/results/phase3_figure16_literal_probe.csv,NUMERICAL_NONMATERIAL,verify P42 | unittest,52af224543acab30efe07e23f404487616efb14672f565a4a7dafb5adafb11ad,4461240b81f173030a442954d6c42a9545dcfd69f805e636d5e86644e5fef63a,floats differ at <=2.7e-16 rel
papers/P43/results/figure6_first_three_modes_independent.csv,NUMERICAL_NONMATERIAL,verify P43 | unittest,97af9c3c4f3014ce4a260151bf60a9bae1fc81e89dfb7a6fc097ef17b5101abb,9e39bd30f88ccdb39be27592a16e8e13e2121648784e223285ddf8097665b9e9,eigen-solver recompute (numpy.linalg cholesky/eigh); see P43 section
papers/P43/results/figure6_mode1_independent.csv,NUMERICAL_NONMATERIAL,verify P43 | unittest,d44b38a5a47d0ea7f5eabbb7595b01fedddb2112ecb22b7a4e8590ce6d0d6a06,f4907b20b6f3001c107177856ec1123ed79ee16a70d9eb3899a05eb81cd4c390,eigen-solver recompute (numpy.linalg cholesky/eigh); see P43 section
papers/P43/results/figures4_5_parameter_families.csv,NUMERICAL_NONMATERIAL,verify P43 | unittest,a3335d9fb98b28d571046c978b4702d1aa4456730a0be3490e6f2b488ac1e92e,b5d914b8d5f9d4be5a62b8dbc9820321740a6f35469fb82888a8812b05aa6df3,eigen-solver recompute (numpy.linalg cholesky/eigh); see P43 section
papers/P43/results/phase1_eigen_benchmark_summary.json,NUMERICAL_NONMATERIAL,verify P43 | unittest,9d3a492dfedc0fa5a5b75f762d60cb0f40271f6dbf7e435963453dc707d2c800,44f5347714c92ea94b556c1fc74d2e30ae6078189f7c274e65edb06c56f9c934,eigen-solver recompute (numpy.linalg cholesky/eigh); see P43 section
papers/P43/results/phase2_full_matrix_summary.json,NUMERICAL_NONMATERIAL,verify P43 | unittest,b16213f8ef445caf88d261a1bffce061d2497ec0f9f84de15068efb49dc6732b,486de9d4995aca04854e2002a400b59d8c129e6571948d34a68feb8783ac3a07,eigen-solver recompute (numpy.linalg cholesky/eigh); see P43 section
papers/P43/results/table1_alpha50_beta100_comparison.csv,NUMERICAL_NONMATERIAL,verify P43 | unittest,0cd4828ebf3c4267d1caf26ac4d5bfdf8c5bdc6db440ef45950cc3a3d2cf8ea0,7af012f25576da5a56b6f38cfa7004880939c7739f155c0376cd9ca876afb8e7,eigen-solver recompute (numpy.linalg cholesky/eigh); see P43 section
papers/P43/results/table1_full_matrix_comparison.csv,NUMERICAL_NONMATERIAL,verify P43 | unittest,1dd9d5f31beaf048d2512ba025b81c80692f0b246d40e3f77db4aff6c7a67716,b16620939e10812f40d5c675b9fd976a84d1c61dc6cace431f1bd7638aae6521,eigen-solver recompute (numpy.linalg cholesky/eigh); see P43 section
